record_id,tweet_id,llm_polaridade,llm_marcadores_linguisticos
fnxptbr-0001,1000008762776748033,negativo,"ALERTA_URGENTE, APELO_A_AUTORIDADE, CAIXA_ALTA, LINK_EXTERNO, SINAL_CERTEZA, USER_MENTION"
fnxptbr-0002,979056787864383489,negativo,"CAIXA_ALTA, LINK_EXTERNO, POLARIZACAO_NOS_VS_ELES, PONTUACAO_EXCESSIVA, SINAL_DUVIDA"
fnxptbr-0003,1293123987619356672,neutro,"CAIXA_ALTA, CALL_TO_ACTION, LINK_EXTERNO, PONTUACAO_EXCESSIVA, PRESENCA_DE_DATA, URL_CURTA"
fnxptbr-0004,1029836675093078016,positivo,"APELO_A_AUTORIDADE, CALL_TO_ACTION, EMOJI, LINK_EXTERNO"
fnxptbr-0005,1532386348677709824,negativo,"APELO_A_AUTORIDADE, DISCRIMINACAO, POLARIZACAO_NOS_VS_ELES, SINAL_CERTEZA"
fnxptbr-0006,1042602160599523328,negativo,"ALERTA_URGENTE, CALL_TO_ACTION, CITACAO_CIENTIFICA, HASHTAG, IRONIA_SARCASMO, POLARIZACAO_NOS_VS_ELES, SINAL_CERTEZA, USER_MENTION"
fnxptbr-0007,1044770606020009984,negativo,"ALERTA_URGENTE, APELO_A_AUTORIDADE, CAIXA_ALTA, CALL_TO_ACTION, IRONIA_SARCASMO, POLARIZACAO_NOS_VS_ELES, PRESENCA_DE_RISADA, SINAL_DUVIDA"
fnxptbr-0008,1047608248583573505,negativo,"ALERTA_URGENTE, CAIXA_ALTA, LINK_EXTERNO, SINAL_CERTEZA, URL_CURTA"
fnxptbr-0009,1055427879323009025,negativo,"ALERTA_URGENTE, CAIXA_ALTA, CALL_TO_ACTION, HASHTAG, LINK_EXTERNO, POLARIZACAO_NOS_VS_ELES, SINAL_CERTEZA, USER_MENTION"
fnxptbr-0010,1056315078763577344,negativo,"ALERTA_URGENTE, APELO_A_AUTORIDADE, CAIXA_ALTA, CALL_TO_ACTION, HASHTAG, LINK_EXTERNO, SINAL_CERTEZA, URL_CURTA"
fnxptbr-0011,1059942049414369287,negativo,"APELO_A_AUTORIDADE, CAIXA_ALTA, CALL_TO_ACTION, DISCRIMINACAO, POLARIZACAO_NOS_VS_ELES, PONTUACAO_EXCESSIVA, PRESENCA_DE_DATA, SINAL_CERTEZA"
fnxptbr-0012,1038209526539927552,negativo,"APELO_A_AUTORIDADE, CALL_TO_ACTION, LINK_EXTERNO, PALAVRAO, POLARIZACAO_NOS_VS_ELES, SINAL_CERTEZA"
fnxptbr-0013,1147518712657960960,negativo,"ALERTA_URGENTE, APELO_A_AUTORIDADE, CAIXA_ALTA, LINK_EXTERNO, PALAVRAO, POLARIZACAO_NOS_VS_ELES, PONTUACAO_EXCESSIVA, SINAL_CERTEZA"
fnxptbr-0014,1080429571286155264,negativo,"CALL_TO_ACTION, IRONIA_SARCASMO, POLARIZACAO_NOS_VS_ELES, PONTUACAO_EXCESSIVA, USER_MENTION"
fnxptbr-0015,1081765178595835910,negativo,"ALERTA_URGENTE, CAIXA_ALTA, CALL_TO_ACTION, EMOJI, IRONIA_SARCASMO, LINK_EXTERNO, POLARIZACAO_NOS_VS_ELES, PONTUACAO_EXCESSIVA, SINAL_CERTEZA"
fnxptbr-0016,1366820525935362054,negativo,"APELO_A_AUTORIDADE, LINK_EXTERNO, URL_CURTA"
fnxptbr-0017,1495393972981846017,negativo,"CAIXA_ALTA, CITACAO_CIENTIFICA, POLARIZACAO_NOS_VS_ELES, PONTUACAO_EXCESSIVA, PRESENCA_DE_DATA"
fnxptbr-0018,1098976481714364416,negativo,"ALERTA_URGENTE, APELO_A_AUTORIDADE, LINK_EXTERNO, SINAL_CERTEZA"
fnxptbr-0019,1105985865988362240,negativo,"APELO_A_AUTORIDADE, CAIXA_ALTA, EMOJI, GIRIA, HIPERBOLE, IRONIA_SARCASMO, POLARIZACAO_NOS_VS_ELES, PONTUACAO_EXCESSIVA"
fnxptbr-0020,1578375319907487745,positivo,"APELO_A_AUTORIDADE, CALL_TO_ACTION, PRESENCA_DE_DATA, SINAL_CERTEZA, USER_MENTION"
fnxptbr-0021,1126196068352446464,neutro,"ALERTA_URGENTE, APELO_A_AUTORIDADE, CAIXA_ALTA, LINK_EXTERNO, PRESENCA_DE_DATA"
fnxptbr-0022,1194936725174394886,positivo,"APELO_A_AUTORIDADE, CALL_TO_ACTION, LINK_EXTERNO, POLARIZACAO_NOS_VS_ELES, SINAL_CERTEZA"
fnxptbr-0023,1443756013304356864,negativo,"APELO_A_AUTORIDADE, LINK_EXTERNO, SINAL_CERTEZA"
fnxptbr-0024,1135673714668920832,positivo,"APELO_A_AUTORIDADE, LINK_EXTERNO, SINAL_CERTEZA, URL_CURTA"
fnxptbr-0025,1254151388235542528,negativo,"APELO_A_AUTORIDADE, CITACAO_CIENTIFICA, HIPERBOLE, LINK_EXTERNO, POLARIZACAO_NOS_VS_ELES, USER_MENTION"
fnxptbr-0026,1004862842502307841,positivo,"ALERTA_URGENTE, APELO_A_AUTORIDADE, CALL_TO_ACTION, CITACAO_CIENTIFICA, LINK_EXTERNO, PRONOME_COLETIVO, SINAL_CERTEZA"
fnxptbr-0027,1158839224734486528,negativo,"LINK_EXTERNO, URL_CURTA"
fnxptbr-0028,1126660215179550721,negativo,"ALERTA_URGENTE, CAIXA_ALTA, CALL_TO_ACTION, HIPERBOLE, LINK_EXTERNO, SINAL_CERTEZA"
fnxptbr-0029,1171725657488973825,neutro,"EMOJI, LINK_EXTERNO, URL_CURTA"
fnxptbr-0030,1178347056097824769,negativo,"HIPERBOLE, IRONIA_SARCASMO, LINK_EXTERNO, POLARIZACAO_NOS_VS_ELES, SINAL_CERTEZA"
fnxptbr-0031,1179200547393548291,negativo,"ALERTA_URGENTE, CALL_TO_ACTION, POLARIZACAO_NOS_VS_ELES, SINAL_CERTEZA"
fnxptbr-0032,1181403866274914307,positivo,"APELO_A_AUTORIDADE, IRONIA_SARCASMO, LINK_EXTERNO, PALAVRAO, POLARIZACAO_NOS_VS_ELES, PRONOME_COLETIVO, SINAL_CERTEZA"
fnxptbr-0033,1182570412577824768,negativo,"ALERTA_URGENTE, LINK_EXTERNO, PONTUACAO_EXCESSIVA, SINAL_CERTEZA"
fnxptbr-0034,1472056086479970317,negativo,"APELO_A_AUTORIDADE, CAIXA_ALTA, CALL_TO_ACTION, HASHTAG, IRONIA_SARCASMO, LINK_EXTERNO, POLARIZACAO_NOS_VS_ELES, PONTUACAO_EXCESSIVA"
fnxptbr-0035,1189373762283683840,negativo,"ALERTA_URGENTE, APELO_A_AUTORIDADE, CALL_TO_ACTION, EMOJI, HASHTAG, LINK_EXTERNO, POLARIZACAO_NOS_VS_ELES, PONTUACAO_EXCESSIVA, SINAL_CERTEZA"
fnxptbr-0036,1197694093046034433,neutro,"CAIXA_ALTA, URL_CURTA"
fnxptbr-0037,1204438388755042304,negativo,"HIPERBOLE, IRONIA_SARCASMO, POLARIZACAO_NOS_VS_ELES, PRESENCA_DE_RISADA"
fnxptbr-0038,1379575140497952768,negativo,"APELO_A_AUTORIDADE, IRONIA_SARCASMO, POLARIZACAO_NOS_VS_ELES, PRONOME_COLETIVO"
fnxptbr-0039,1260147690786209792,negativo,"APELO_A_AUTORIDADE, CITACAO_CIENTIFICA, DISCRIMINACAO, IRONIA_SARCASMO, PALAVRAO, PONTUACAO_INTERCALADA"
fnxptbr-0040,1200047440436617221,negativo,"ALERTA_URGENTE, IRONIA_SARCASMO, POLARIZACAO_NOS_VS_ELES, PONTUACAO_EXCESSIVA, SINAL_CERTEZA"
fnxptbr-0041,1226644979612819463,positivo,"APELO_A_AUTORIDADE, CAIXA_ALTA, CALL_TO_ACTION, LINK_EXTERNO, PONTUACAO_EXCESSIVA, PRESENCA_DE_DATA, PRONOME_COLETIVO, SINAL_CERTEZA"
fnxptbr-0042,1234338182638034944,negativo,"ALERTA_URGENTE, APELO_A_AUTORIDADE, CAIXA_ALTA, CALL_TO_ACTION, DISCRIMINACAO, LINK_EXTERNO, POLARIZACAO_NOS_VS_ELES, PONTUACAO_EXCESSIVA, SINAL_CERTEZA"
fnxptbr-0043,1237929556427837440,positivo,"APELO_A_AUTORIDADE, CALL_TO_ACTION, SINAL_CERTEZA"
fnxptbr-0044,1239618559069884418,positivo,"APELO_A_AUTORIDADE, LINK_EXTERNO, PRONOME_COLETIVO, SINAL_CERTEZA"
fnxptbr-0045,1244586612358602754,negativo,"ALERTA_URGENTE, CAIXA_ALTA, HASHTAG, PONTUACAO_EXCESSIVA, SINAL_CERTEZA, URL_CURTA"
fnxptbr-0046,1242859340840800257,negativo,"EMOJI, HASHTAG, IRONIA_SARCASMO, POLARIZACAO_NOS_VS_ELES, PRESENCA_DE_RISADA, PRONOME_COLETIVO, SINAL_CERTEZA"
fnxptbr-0047,1245079417933742081,positivo,"APELO_A_AUTORIDADE, CAIXA_ALTA, LINK_EXTERNO, SINAL_CERTEZA"
fnxptbr-0048,1247256039088697344,negativo,"CAIXA_ALTA, IRONIA_SARCASMO, LINK_EXTERNO, PALAVRAO, POLARIZACAO_NOS_VS_ELES, PONTUACAO_EXCESSIVA, PRESENCA_DE_RISADA"
fnxptbr-0049,1377729454059978759,negativo,"EMOJI, IRONIA_SARCASMO, LINK_EXTERNO, PALAVRAO, POLARIZACAO_NOS_VS_ELES, SINAL_DUVIDA"
fnxptbr-0050,1249525607689531392,negativo,"APELO_A_AUTORIDADE, CITACAO_CIENTIFICA, POLARIZACAO_NOS_VS_ELES, SINAL_CERTEZA"
fnxptbr-0051,1250611372020371456,negativo,"ALERTA_URGENTE, APELO_A_AUTORIDADE, CAIXA_ALTA, EMOJI, HASHTAG, HIPERBOLE, LINK_EXTERNO, POLARIZACAO_NOS_VS_ELES, PONTUACAO_EXCESSIVA, SINAL_CERTEZA"
fnxptbr-0052,1252995394939781120,negativo,"APELO_A_AUTORIDADE, HIPERBOLE, LINK_EXTERNO, METAFORA, NUMERACAO, POLARIZACAO_NOS_VS_ELES, SINAL_CERTEZA"
fnxptbr-0053,1253226695181680640,negativo,"CALL_TO_ACTION, HIPERBOLE, IRONIA_SARCASMO, POLARIZACAO_NOS_VS_ELES, SINAL_CERTEZA"
fnxptbr-0054,1252670239940190209,negativo,"APELO_A_AUTORIDADE, HIPERBOLE, LINK_EXTERNO, POLARIZACAO_NOS_VS_ELES, SINAL_CERTEZA, USER_MENTION"
fnxptbr-0055,1449248180365893637,neutro,"LINK_EXTERNO, URL_CURTA, USER_MENTION"
fnxptbr-0056,1258520500700983296,negativo,"ALERTA_URGENTE, APELO_A_AUTORIDADE, CAIXA_ALTA, CALL_TO_ACTION, EMOJI, HIPERBOLE, PONTUACAO_EXCESSIVA, SINAL_CERTEZA"
fnxptbr-0057,1249417025539248129,negativo,"ALERTA_URGENTE, CALL_TO_ACTION, HIPERBOLE, POLARIZACAO_NOS_VS_ELES, PONTUACAO_EXCESSIVA, SINAL_DUVIDA"
fnxptbr-0058,1261416145845796864,negativo,"ALERTA_URGENTE, APELO_A_AUTORIDADE, CITACAO_CIENTIFICA, LINK_EXTERNO, SINAL_CERTEZA"
fnxptbr-0059,1265128345286709250,negativo,"APELO_A_AUTORIDADE, CAIXA_ALTA, DISCRIMINACAO, EMOJI, HASHTAG, LINK_EXTERNO, POLARIZACAO_NOS_VS_ELES, SINAL_CERTEZA"
fnxptbr-0060,1267220518501056512,negativo,"APELO_A_AUTORIDADE, CAIXA_ALTA, CALL_TO_ACTION, HASHTAG, POLARIZACAO_NOS_VS_ELES, SINAL_CERTEZA, URL_CURTA"
fnxptbr-0061,1765076444043190309,negativo,"ALERTA_URGENTE, APELO_A_AUTORIDADE, DISCRIMINACAO, LINK_EXTERNO, POLARIZACAO_NOS_VS_ELES, PRESENCA_DE_DATA, SINAL_CERTEZA"
fnxptbr-0062,1267942051376697345,negativo,"CALL_TO_ACTION, IRONIA_SARCASMO, LINK_EXTERNO, POLARIZACAO_NOS_VS_ELES, PONTUACAO_EXCESSIVA, USER_MENTION"
fnxptbr-0063,1256390443685871616,negativo,"CALL_TO_ACTION, EMOJI, IRONIA_SARCASMO, LINK_EXTERNO"
fnxptbr-0064,1423698715471134727,negativo,"APELO_A_AUTORIDADE, ASTERISCO_ENFASE, CAIXA_ALTA, POLARIZACAO_NOS_VS_ELES, PONTUACAO_INTERCALADA, SINAL_CERTEZA, USER_MENTION"
fnxptbr-0065,1276083908099047424,negativo,"ALERTA_URGENTE, CAIXA_ALTA, CALL_TO_ACTION, DISCRIMINACAO, HASHTAG, HIPERBOLE, PALAVRAO, POLARIZACAO_NOS_VS_ELES, PONTUACAO_EXCESSIVA, SINAL_CERTEZA, URL_CURTA"
fnxptbr-0066,1366077951524171785,negativo,"APELO_A_AUTORIDADE, EMOJI, POLARIZACAO_NOS_VS_ELES, SINAL_CERTEZA"
fnxptbr-0067,1279986689579114496,positivo,"APELO_A_AUTORIDADE, HASHTAG, LINGUAGEM_TECNICA, LINK_EXTERNO, USER_MENTION"
fnxptbr-0068,1278726363818704898,negativo,"APELO_A_AUTORIDADE, CAIXA_ALTA, DISCRIMINACAO, EMOJI, IRONIA_SARCASMO, POLARIZACAO_NOS_VS_ELES, PONTUACAO_EXCESSIVA, SINAL_DUVIDA"
fnxptbr-0069,1287861057508212736,negativo,"ALERTA_URGENTE, APELO_A_AUTORIDADE, CAIXA_ALTA, LINK_EXTERNO, POLARIZACAO_NOS_VS_ELES, SINAL_CERTEZA"
fnxptbr-0070,1287691285176946688,neutro,"APELO_A_AUTORIDADE, LINGUAGEM_TECNICA, PRESENCA_DE_DATA"
fnxptbr-0071,1287767047863242752,negativo,"ALERTA_URGENTE, CAIXA_ALTA, HIPERBOLE, LINK_EXTERNO, PONTUACAO_EXCESSIVA, URL_CURTA, USER_MENTION"
fnxptbr-0072,1292239076414959618,negativo,"APELO_A_AUTORIDADE, CAIXA_ALTA, CALL_TO_ACTION, POLARIZACAO_NOS_VS_ELES, SINAL_CERTEZA, USER_MENTION"
fnxptbr-0073,1292923460868542468,negativo,"APELO_A_AUTORIDADE, LINK_EXTERNO, PRESENCA_DE_DATA, SINAL_CERTEZA"
fnxptbr-0074,1294759463228977157,negativo,"ALERTA_URGENTE, APELO_A_AUTORIDADE, CAIXA_ALTA, LINK_EXTERNO, SINAL_CERTEZA"
fnxptbr-0075,1293195383934525440,neutro,"APELO_A_AUTORIDADE, CITACAO_CIENTIFICA, PRESENCA_DE_DATA"
fnxptbr-0076,1295143440980873223,negativo,"APELO_A_AUTORIDADE, CITACAO_CIENTIFICA, POLARIZACAO_NOS_VS_ELES, SINAL_CERTEZA"
fnxptbr-0077,1269730973547212803,negativo,"APELO_A_AUTORIDADE, LINK_EXTERNO, URL_CURTA"
fnxptbr-0078,1296596698240712704,negativo,"APELO_A_AUTORIDADE, CAIXA_ALTA, HIPERBOLE, SINAL_CERTEZA"
fnxptbr-0079,1444776060294516737,negativo,"CALL_TO_ACTION, EMOJI, GIRIA, IRONIA_SARCASMO, LINK_EXTERNO, PALAVRAO, POLARIZACAO_NOS_VS_ELES"
fnxptbr-0080,1339408650062999552,negativo,"APELO_A_AUTORIDADE, LINGUAGEM_TECNICA, POLARIZACAO_NOS_VS_ELES, PRESENCA_DE_DATA, SINAL_CERTEZA"
fnxptbr-0081,1306603857317855232,negativo,"CITACAO_CIENTIFICA, LINGUAGEM_TECNICA, PRESENCA_DE_DATA, PRONOME_COLETIVO"
fnxptbr-0082,1426258912022519809,negativo,"ALERTA_URGENTE, APELO_A_AUTORIDADE, CALL_TO_ACTION, EMOJI, POLARIZACAO_NOS_VS_ELES, SINAL_CERTEZA"
fnxptbr-0083,1305594554490462208,negativo,"APELO_A_AUTORIDADE, DISCRIMINACAO, IRONIA_SARCASMO, LINK_EXTERNO, PALAVRAO, POLARIZACAO_NOS_VS_ELES, PRESENCA_DE_DATA, SINAL_CERTEZA"
fnxptbr-0084,1308710233599025153,negativo,"LINK_EXTERNO, POLARIZACAO_NOS_VS_ELES, PONTUACAO_EXCESSIVA, PRESENCA_DE_RISADA"
fnxptbr-0085,1310299640458285057,negativo,"ALERTA_URGENTE, HIPERBOLE, LINK_EXTERNO, SINAL_CERTEZA, URL_CURTA"
fnxptbr-0086,1309870492174745601,neutro,"APELO_A_AUTORIDADE, CITACAO_CIENTIFICA, LINK_EXTERNO, PRESENCA_DE_DATA, USER_MENTION"
fnxptbr-0087,1559926178701627392,negativo,"ALERTA_URGENTE, CALL_TO_ACTION, EMOJI, HASHTAG, HIPERBOLE, LINK_EXTERNO, POLARIZACAO_NOS_VS_ELES, SINAL_CERTEZA, USER_MENTION"
fnxptbr-0088,1309084033721208836,negativo,"ALERTA_URGENTE, APELO_A_AUTORIDADE, CITACAO_CIENTIFICA, HIPERBOLE, LINGUAGEM_COLOQUIAL, LINK_EXTERNO, SARCASMO_IRONIA, SINAL_CERTEZA, URL_CURTA"
fnxptbr-0089,1308025950324613125,negativo,"ALERTA_URGENTE, APELO_A_AUTORIDADE, CAIXA_ALTA, LINK_EXTERNO, SINAL_CERTEZA, USER_MENTION"
fnxptbr-0090,1465457240941502464,positivo,"APELO_A_AUTORIDADE, HIPERBOLE, IRONIA_SARCASMO, PONTUACAO_EXCESSIVA, PRONOME_COLETIVO, SINAL_CERTEZA"
fnxptbr-0091,1260598876685438976,positivo,"ALERTA_URGENTE, ASTERISCO_ENFASE, CALL_TO_ACTION, EMOJI, HASHTAG, LINK_EXTERNO, PRESENCA_DE_DATA"
fnxptbr-0092,1316782584815325184,neutro,"APELO_A_AUTORIDADE, CITACAO_CIENTIFICA, EMOJI, LINK_EXTERNO, PRESENCA_DE_DATA"
fnxptbr-0093,1318710146596524032,neutro,"CALL_TO_ACTION, LINGUAGEM_TECNICA, PONTUACAO_INTERCALADA, PRESENCA_DE_DATA"
fnxptbr-0094,1315696847822958592,negativo,"ALERTA_URGENTE, APELO_A_AUTORIDADE, CALL_TO_ACTION, EMOJI, IRONIA_SARCASMO, LINK_EXTERNO, POLARIZACAO_NOS_VS_ELES, SINAL_CERTEZA, URL_CURTA, USER_MENTION"
fnxptbr-0095,1318649483622842371,negativo,"ALERTA_URGENTE, APELO_A_AUTORIDADE, POLARIZACAO_NOS_VS_ELES, PONTUACAO_EXCESSIVA, SINAL_CERTEZA, USER_MENTION"
fnxptbr-0096,1319061671214780420,negativo,"CAIXA_ALTA, CALL_TO_ACTION, HASHTAG, LINK_EXTERNO, SINAL_CERTEZA, URL_CURTA"
fnxptbr-0097,1319737939568492548,negativo,"CALL_TO_ACTION, EMOJI, LINGUAGEM_TECNICA, PONTUACAO_INTERCALADA, SINAL_CERTEZA"
fnxptbr-0098,1319738213880287232,negativo,"ALERTA_URGENTE, CALL_TO_ACTION, ESPACAMENTO_ENTRE_LETRAS, LINGUAGEM_TECNICA, PRESENCA_DE_DATA, SINAL_CERTEZA"
fnxptbr-0099,1154102383628247040,negativo,"EMOJI, HIPERBOLE, IRONIA_SARCASMO, LINK_EXTERNO, POLARIZACAO_NOS_VS_ELES, PONTUACAO_EXCESSIVA, PRESENCA_DE_RISADA"
fnxptbr-0100,1317302038280228865,negativo,"ALERTA_URGENTE, APELO_A_AUTORIDADE, CALL_TO_ACTION, HASHTAG, LINK_EXTERNO, PONTUACAO_EXCESSIVA, SINAL_DUVIDA"
fnxptbr-0101,1580295880963289088,negativo,"APELO_A_AUTORIDADE, IRONIA_SARCASMO, LINK_EXTERNO, POLARIZACAO_NOS_VS_ELES"
fnxptbr-0102,1459177528925601794,negativo,"ALERTA_URGENTE, CAIXA_ALTA, CALL_TO_ACTION, HIPERBOLE, POLARIZACAO_NOS_VS_ELES, PONTUACAO_EXCESSIVA, SINAL_CERTEZA"
fnxptbr-0103,1474889674552487946,negativo,"ALERTA_URGENTE, CAIXA_ALTA, CALL_TO_ACTION, LINK_EXTERNO, POLARIZACAO_NOS_VS_ELES, PONTUACAO_EXCESSIVA, SINAL_DUVIDA"
fnxptbr-0104,1503429350372384777,negativo,"HIPERBOLE, POLARIZACAO_NOS_VS_ELES, SINAL_CERTEZA"
fnxptbr-0105,1319001340455145473,negativo,"APELO_A_AUTORIDADE, CITACAO_CIENTIFICA, POLARIZACAO_NOS_VS_ELES, PRONOME_COLETIVO, SINAL_CERTEZA"
fnxptbr-0106,1328498044678049797,negativo,"APELO_A_AUTORIDADE, CITACAO_DIRETA, LINK_EXTERNO, PRESENCA_DE_DATA, SINAL_CERTEZA, USER_MENTION"
fnxptbr-0107,1332351623549640705,negativo,"APELO_A_AUTORIDADE, LINK_EXTERNO, PALAVRAO, POLARIZACAO_NOS_VS_ELES, SINAL_CERTEZA, USER_MENTION"
fnxptbr-0108,1441425858518913030,negativo,"CAIXA_ALTA, LOGICA_CIRCULAR, POLARIZACAO_NOS_VS_ELES, PONTUACAO_EXCESSIVA, SINAL_CERTEZA"
fnxptbr-0109,1416191845785350151,negativo,"ALERTA_URGENTE, APELO_A_AUTORIDADE, CALL_TO_ACTION, EMOJI, HASHTAG, HIPERBOLE, POLARIZACAO_NOS_VS_ELES, SINAL_CERTEZA"
fnxptbr-0110,1607348429667155968,negativo,"APELO_A_AUTORIDADE, CAIXA_ALTA, LINK_EXTERNO, POLARIZACAO_NOS_VS_ELES, SINAL_CERTEZA"
fnxptbr-0111,1449278795463204866,negativo,"APELO_A_AUTORIDADE, CAIXA_ALTA, HIPERBOLE, IRONIA_SARCASMO, POLARIZACAO_NOS_VS_ELES, PONTUACAO_INTERCALADA, SINAL_CERTEZA"
fnxptbr-0112,1326521227494748160,negativo,"APELO_A_AUTORIDADE, CAIXA_ALTA, ESPACAMENTO_ENTRE_LETRAS, POLARIZACAO_NOS_VS_ELES, SINAL_CERTEZA"
fnxptbr-0113,1347693184000909315,negativo,"EMOJI, HIPERBOLE, IRONIA_SARCASMO, LINK_EXTERNO, POLARIZACAO_NOS_VS_ELES, PRESENCA_DE_RISADA"
fnxptbr-0114,1339261187511422983,negativo,"HIPERBOLE, IRONIA_SARCASMO, LINK_EXTERNO, POLARIZACAO_NOS_VS_ELES, SINAL_CERTEZA"
fnxptbr-0115,1340863040904978433,positivo,"APELO_A_AUTORIDADE, CITACAO_CIENTIFICA, LINGUAGEM_TECNICA, LINK_EXTERNO, SINAL_CERTEZA"
fnxptbr-0116,1344971981238710272,negativo,"APELO_A_AUTORIDADE, CALL_TO_ACTION, POLARIZACAO_NOS_VS_ELES, SINAL_CERTEZA, USER_MENTION"
fnxptbr-0117,1351140744178884609,negativo,"CAIXA_ALTA, LINK_EXTERNO, NEGACAO_DIRETA, SINAL_CERTEZA, URL_CURTA, USER_MENTION"
fnxptbr-0118,1351635497832108032,negativo,"LINK_EXTERNO, URL_CURTA"
fnxptbr-0119,1357324759852285954,negativo,"ASPAS_IRONIA, CALL_TO_ACTION, LINK_EXTERNO, POLARIZACAO_NOS_VS_ELES, SINAL_CERTEZA"
fnxptbr-0120,1332119227688316928,negativo,"ALERTA_URGENTE, APELO_A_AUTORIDADE, CALL_TO_ACTION, HIPERBOLE, LINGUAGEM_TECNICA, POLARIZACAO_NOS_VS_ELES, SINAL_CERTEZA"
fnxptbr-0121,1358004098012971008,negativo,"APELO_A_AUTORIDADE, CAIXA_ALTA, LINK_EXTERNO, POLARIZACAO_NOS_VS_ELES, PRONOME_COLETIVO, SINAL_CERTEZA"
fnxptbr-0122,1357901989863174144,negativo,"APELO_A_AUTORIDADE, HIPERBOLE, LINK_EXTERNO, POLARIZACAO_NOS_VS_ELES, PONTUACAO_EXCESSIVA, SINAL_CERTEZA"
fnxptbr-0123,1367305569011458051,negativo,"ALERTA_URGENTE, EMOJI, HASHTAG, HIPERBOLE, LINK_EXTERNO, METAFORA, SINAL_DUVIDA, URL_CURTA, USER_MENTION"
fnxptbr-0124,1234410750485069825,negativo,"HIPERBOLE, IRONIA_SARCASMO, POLARIZACAO_NOS_VS_ELES, SINAL_CERTEZA"
fnxptbr-0125,1375086630957150212,negativo,"CALL_TO_ACTION, LINK_EXTERNO, POLARIZACAO_NOS_VS_ELES, PONTUACAO_EXCESSIVA, SINAL_CERTEZA"
fnxptbr-0126,1382019550150074373,negativo,"APELO_A_AUTORIDADE, HIPERBOLE, LINK_EXTERNO, POLARIZACAO_NOS_VS_ELES, SINAL_CERTEZA, USER_MENTION"
fnxptbr-0127,1000519992281092098,positivo,"APELO_A_AUTORIDADE, CALL_TO_ACTION, EMOJI, LINK_EXTERNO, PRONOME_COLETIVO, SINAL_CERTEZA"
fnxptbr-0128,1393911916624556033,positivo,"LINK_EXTERNO, PRESENCA_DE_DATA, SINAL_CERTEZA"
fnxptbr-0129,1394271591089983489,negativo,"ALERTA_URGENTE, APELO_A_AUTORIDADE, CAIXA_ALTA, LINK_EXTERNO, POLARIZACAO_NOS_VS_ELES, SINAL_CERTEZA"
fnxptbr-0130,1395410355665477648,negativo,"CITACAO_CIENTIFICA, EMOJI, IRONIA_SARCASMO, PONTUACAO_INTERCALADA, PRESENCA_DE_RISADA"
fnxptbr-0131,1397283090561703941,negativo,"APELO_A_AUTORIDADE, ASPAS, LINK_EXTERNO, SINAL_DUVIDA, USER_MENTION"
fnxptbr-0132,1397007132298551298,positivo,"APELO_A_AUTORIDADE, CAIXA_ALTA, CALL_TO_ACTION, EMOJI, LINK_EXTERNO, POLARIZACAO_NOS_VS_ELES, PRONOME_COLETIVO, SINAL_CERTEZA, USER_MENTION"
fnxptbr-0133,1400622078169075715,negativo,"APELO_A_AUTORIDADE, ASPAS_IRONICA, IRONIA_SARCASMO, LINK_EXTERNO, URL_CURTA, USER_MENTION"
fnxptbr-0134,1398011246587351048,negativo,"ALERTA_URGENTE, APELO_A_AUTORIDADE, CAIXA_ALTA, EMOJI, HIPERBOLE, LINK_EXTERNO, POLARIZACAO_NOS_VS_ELES, PONTUACAO_EXCESSIVA, SINAL_CERTEZA"
fnxptbr-0135,1404605621203312642,negativo,"ALERTA_URGENTE, APELO_A_AUTORIDADE, CAIXA_ALTA, CALL_TO_ACTION, HIPERBOLE, LINK_EXTERNO, SINAL_CERTEZA, URL_CURTA"
fnxptbr-0136,1407631765645279235,positivo,"APELO_A_AUTORIDADE, LINK_EXTERNO, SINAL_CERTEZA, URL_CURTA"
fnxptbr-0137,1532037186782220290,negativo,"ALERTA_URGENTE, APELO_A_AUTORIDADE, CALL_TO_ACTION, EMOJI, LINK_EXTERNO, POLARIZACAO_NOS_VS_ELES, PONTUACAO_EXCESSIVA, SINAL_CERTEZA"
fnxptbr-0138,1410932167014858754,negativo,"ALERTA_URGENTE, APELO_A_AUTORIDADE, CALL_TO_ACTION, EMOJI, LINK_EXTERNO, POLARIZACAO_NOS_VS_ELES, PONTUACAO_EXCESSIVA, SINAL_CERTEZA, USER_MENTION"
fnxptbr-0139,1414550995607113728,positivo,"APELO_A_AUTORIDADE, IRONIA_SARCASMO, POLARIZACAO_NOS_VS_ELES, URL_CURTA, USER_MENTION"
fnxptbr-0140,1420693001521803270,positivo,"APELO_A_AUTORIDADE, CALL_TO_ACTION, EMOJI, LINK_EXTERNO, PRESENCA_DE_DATA, SINAL_CERTEZA"
fnxptbr-0141,1468013432997879812,negativo,"ALERTA_URGENTE, APELO_A_AUTORIDADE, HIPERBOLE, LINK_EXTERNO, PONTUACAO_INTERCALADA, SINAL_CERTEZA"
fnxptbr-0142,1423579854193184772,negativo,"ABREVIACAO_INFORMAL, IRONIA_SARCASMO, LINGUAGEM_COLOQUIAL, LINK_EXTERNO, METAFORA, POLARIZACAO_NOS_VS_ELES, SINAL_CERTEZA"
fnxptbr-0143,1420031323071262725,negativo,"ALERTA_URGENTE, APELO_A_AUTORIDADE, CALL_TO_ACTION, LINK_EXTERNO, POLARIZACAO_NOS_VS_ELES, PONTUACAO_EXCESSIVA, SINAL_CERTEZA, SINAL_DUVIDA"
fnxptbr-0144,1427213768870690828,negativo,"ALERTA_URGENTE, APELO_A_AUTORIDADE, CAIXA_ALTA, LINK_EXTERNO, PALAVRAO, POLARIZACAO_NOS_VS_ELES, PONTUACAO_EXCESSIVA, PRESENCA_DE_DATA, SINAL_CERTEZA"
fnxptbr-0145,1427366721405468680,negativo,"APELO_A_AUTORIDADE, LINK_EXTERNO, PALAVRAO, POLARIZACAO_NOS_VS_ELES, PONTUACAO_EXCESSIVA, PRESENCA_DE_DATA, SINAL_CERTEZA"
fnxptbr-0146,1431704774613868549,negativo,"CALL_TO_ACTION, ESPACAMENTO_ENTRE_LETRAS, IRONIA_SARCASMO, LINK_EXTERNO, PALAVRAO, POLARIZACAO_NOS_VS_ELES, PONTUACAO_EXCESSIVA, SINAL_CERTEZA"
fnxptbr-0147,1437444566051852297,negativo,"DISCRIMINACAO, EMOJI, IRONIA_SARCASMO, LINK_EXTERNO, POLARIZACAO_NOS_VS_ELES, PRESENCA_DE_RISADA, USER_MENTION"
fnxptbr-0148,1306031776335302656,negativo,"HASHTAG, IRONIA_SARCASMO, POLARIZACAO_NOS_VS_ELES, PRESENCA_DE_DATA, USER_MENTION"
fnxptbr-0149,1450445275307335685,negativo,"APELO_A_AUTORIDADE, HIPERBOLE, LINK_EXTERNO, POLARIZACAO_NOS_VS_ELES, PRONOME_COLETIVO, SINAL_CERTEZA"
fnxptbr-0150,1316545168569511936,negativo,"ALERTA_URGENTE, APELO_A_AUTORIDADE, LINK_EXTERNO, POLARIZACAO_NOS_VS_ELES, SINAL_CERTEZA"
fnxptbr-0151,1552376614717202432,negativo,"APELO_A_AUTORIDADE, CITACAO_DIRETA, DISCRIMINACAO, IRONIA_SARCASMO, LINK_EXTERNO, POLARIZACAO_NOS_VS_ELES"
fnxptbr-0152,1466845332931817480,positivo,"GIRIA, LINK_EXTERNO, PONTUACAO_EXCESSIVA, PRESENCA_DE_RISADA, SINAL_CERTEZA, USER_MENTION"
fnxptbr-0153,1470810241608859648,negativo,"EMOJI, ESPACAMENTO_ENTRE_LETRAS, HIPERBOLE, IRONIA_SARCASMO, PRESENCA_DE_RISADA, URL_CURTA"
fnxptbr-0154,1470818820109619206,negativo,"ESPACAMENTO_ENTRE_LETRAS, IRONIA_SARCASMO, LINK_EXTERNO, POLARIZACAO_NOS_VS_ELES, SINAL_DUVIDA, USER_MENTION"
fnxptbr-0156,1525146835677065217,positivo,"APELO_A_AUTORIDADE, EMOJI, HIPERBOLE, IRONIA_SARCASMO, LINK_EXTERNO, POLARIZACAO_NOS_VS_ELES, SINAL_CERTEZA"
fnxptbr-0157,1481221957601406977,positivo,"APELO_A_AUTORIDADE, CALL_TO_ACTION, EMOJI, LINK_EXTERNO, PRONOME_COLETIVO, SINAL_CERTEZA"
fnxptbr-0158,1546542926859276291,negativo,"ALERTA_URGENTE, CAIXA_ALTA, CALL_TO_ACTION, LINK_EXTERNO, POLARIZACAO_NOS_VS_ELES, SINAL_CERTEZA, URL_CURTA"
fnxptbr-0159,1396896956497211398,negativo,"APELO_A_AUTORIDADE, CAIXA_ALTA, CALL_TO_ACTION, DISCRIMINACAO, HASHTAG, IRONIA_SARCASMO, LINK_EXTERNO, PALAVRAO, POLARIZACAO_NOS_VS_ELES, PONTUACAO_EXCESSIVA, SINAL_CERTEZA, SINAL_DUVIDA"
fnxptbr-0160,1324186963986055169,positivo,"IRONIA_SARCASMO, PONTUACAO_INTERCALADA, SINAL_CERTEZA, URL_CURTA"
fnxptbr-0161,1487166580513460224,neutro,"APELO_A_AUTORIDADE, LINK_EXTERNO, PRESENCA_DE_DATA"
fnxptbr-0162,1490777862059839488,negativo,"ALERTA_URGENTE, APELO_A_AUTORIDADE, CALL_TO_ACTION, EMOJI, LINK_EXTERNO, POLARIZACAO_NOS_VS_ELES, PONTUACAO_EXCESSIVA, SINAL_CERTEZA"
fnxptbr-0163,1492227026832482306,positivo,"APELO_A_AUTORIDADE, LINK_EXTERNO, POLARIZACAO_NOS_VS_ELES, PRESENCA_DE_DATA, PRONOME_COLETIVO, SINAL_CERTEZA"
fnxptbr-0164,1464117811056422941,negativo,"APELO_A_AUTORIDADE, CALL_TO_ACTION, CITACAO_CIENTIFICA, POLARIZACAO_NOS_VS_ELES, PONTUACAO_EXCESSIVA, SINAL_DUVIDA"
fnxptbr-0165,1433251632440033287,negativo,"CITACAO, LINK_EXTERNO, PALAVRAO, PRESENCA_DE_RISADA, SINAL_CERTEZA"
fnxptbr-0166,1504492177237364741,negativo,"APELO_A_AUTORIDADE, CAIXA_ALTA, DISCRIMINACAO, EMOJI, LINK_EXTERNO, POLARIZACAO_NOS_VS_ELES, PONTUACAO_EXCESSIVA, PRESENCA_DE_DATA, USO_DE_RETICENCIAS"
fnxptbr-0167,1504798733367660544,negativo,"IRONIA_SARCASMO, LINK_EXTERNO, POLARIZACAO_NOS_VS_ELES, PRESENCA_DE_RISADA"
fnxptbr-0168,1511642970327502854,negativo,"IRONIA_SARCASMO, LINK_EXTERNO, POLARIZACAO_NOS_VS_ELES, PONTUACAO_EXCESSIVA, SINAL_DUVIDA"
fnxptbr-0169,1509585189458087939,negativo,"CALL_TO_ACTION, CITACAO_CIENTIFICA, POLARIZACAO_NOS_VS_ELES, SINAL_CERTEZA"
fnxptbr-0170,1512723901410861057,negativo,"CITACAO, EMOJI, IRONIA_SARCASMO, LINK_EXTERNO, POLARIZACAO_NOS_VS_ELES"
fnxptbr-0171,1516094566998462473,negativo,"IRONIA_SARCASMO, LINK_EXTERNO, PONTUACAO_EXCESSIVA, SINAL_DUVIDA, USER_MENTION"
fnxptbr-0172,1517955471461830657,negativo,"CAIXA_ALTA, CALL_TO_ACTION, DISCRIMINACAO, LINK_EXTERNO, POLARIZACAO_NOS_VS_ELES, PONTUACAO_EXCESSIVA, SINAL_CERTEZA"
fnxptbr-0173,1519509309041872898,negativo,"APELO_A_AUTORIDADE, LINK_EXTERNO, POLARIZACAO_NOS_VS_ELES, PRESENCA_DE_DATA, SINAL_CERTEZA"
fnxptbr-0174,1521467932617986050,negativo,"IRONIA_SARCASMO, LINK_EXTERNO, PONTUACAO_INTERCALADA, SINAL_CERTEZA"
fnxptbr-0175,1524352958523219968,negativo,"CAIXA_ALTA, EMOJI, HIPERBOLE, LINK_EXTERNO, POLARIZACAO_NOS_VS_ELES, SINAL_CERTEZA, USER_MENTION"
fnxptbr-0176,1528378180360359936,negativo,"ALERTA_URGENTE, APELO_A_AUTORIDADE, LINK_EXTERNO, POLARIZACAO_NOS_VS_ELES, PONTUACAO_EXCESSIVA, SINAL_CERTEZA"
fnxptbr-0177,1531181836671533059,negativo,"ALERTA_URGENTE, APELO_A_AUTORIDADE, CAIXA_ALTA, CALL_TO_ACTION, POLARIZACAO_NOS_VS_ELES, PONTUACAO_EXCESSIVA, SINAL_CERTEZA"
fnxptbr-0178,1523117726889578496,negativo,"APELO_A_AUTORIDADE, LINK_EXTERNO, PRESENCA_DE_DATA"
fnxptbr-0179,1549204478192242688,negativo,"ALERTA_URGENTE, APELO_A_AUTORIDADE, HASHTAG, LINK_EXTERNO, POLARIZACAO_NOS_VS_ELES, SINAL_CERTEZA, USER_MENTION"
fnxptbr-0180,1548132551058788353,positivo,"CALL_TO_ACTION, EMOJI, LINK_EXTERNO, PRESENCA_DE_DATA, SINAL_CERTEZA, USER_MENTION"
fnxptbr-0181,1487489969681838080,positivo,"GIRIA, POLARIZACAO_NOS_VS_ELES, PONTUACAO_INTERCALADA, SINAL_CERTEZA, URL_CURTA"
fnxptbr-0182,1555131866101043201,negativo,"ALERTA_URGENTE, APELO_A_AUTORIDADE, CAIXA_ALTA, CALL_TO_ACTION, EMOJI, POLARIZACAO_NOS_VS_ELES, PONTUACAO_EXCESSIVA, SINAL_CERTEZA"
fnxptbr-0183,1557689826543108096,negativo,"ASTERISCO_ENFASE, CAIXA_ALTA, CALL_TO_ACTION, HIPERBOLE, LINK_EXTERNO, POLARIZACAO_NOS_VS_ELES, SINAL_CERTEZA, USO_DE_RETICENCIAS"
fnxptbr-0184,1570228343592849408,negativo,"APELO_A_AUTORIDADE, CALL_TO_ACTION, EMOJI, LINK_EXTERNO, POLARIZACAO_NOS_VS_ELES, PONTUACAO_EXCESSIVA, SINAL_CERTEZA, USER_MENTION"
fnxptbr-0185,1574202799570784256,negativo,"APELO_A_AUTORIDADE, EMOJI, HIPERBOLE, LINK_EXTERNO, POLARIZACAO_NOS_VS_ELES, SINAL_CERTEZA"
fnxptbr-0186,1576540898292535297,positivo,"APELO_A_AUTORIDADE, HASHTAG, LINK_EXTERNO, PRESENCA_DE_DATA, USER_MENTION"
fnxptbr-0187,1577421157351198721,negativo,"APELO_A_AUTORIDADE, CAIXA_ALTA, IRONIA_SARCASMO, LINK_EXTERNO, SINAL_CERTEZA"
fnxptbr-0188,1577302345913876480,negativo,"ALERTA_URGENTE, CAIXA_ALTA, LINK_EXTERNO, POLARIZACAO_NOS_VS_ELES, SINAL_CERTEZA"
fnxptbr-0189,1579424458103984129,neutro,"APELO_A_AUTORIDADE, CITACAO_CIENTIFICA, PRESENCA_DE_DATA, USER_MENTION"
fnxptbr-0190,1582603998791864321,negativo,"APELO_A_AUTORIDADE, CITACAO_DIRETA, HASHTAG, LINK_EXTERNO, POLARIZACAO_NOS_VS_ELES, PONTUACAO_EXCESSIVA, SINAL_CERTEZA, URL_CURTA"
fnxptbr-0191,1583981685024395264,negativo,"APELO_A_AUTORIDADE, GIRIA, LINK_EXTERNO, PALAVRAO, POLARIZACAO_NOS_VS_ELES, SINAL_CERTEZA, USER_MENTION"
fnxptbr-0192,1584988926451675136,negativo,"ALERTA_URGENTE, CALL_TO_ACTION, EMOJI, HIPERBOLE, LINK_EXTERNO, PONTUACAO_EXCESSIVA, PRESENCA_DE_DATA, SINAL_CERTEZA"
fnxptbr-0193,1586840221643071494,positivo,"EMOJI, HASHTAG, LINK_EXTERNO, USER_MENTION"
fnxptbr-0194,1587156289569816577,negativo,"ALERTA_URGENTE, CAIXA_ALTA, LINK_EXTERNO, POLARIZACAO_NOS_VS_ELES, PONTUACAO_EXCESSIVA, SINAL_CERTEZA"
fnxptbr-0195,1587411417501954049,negativo,"ALERTA_URGENTE, APELO_A_AUTORIDADE, EMOTICON_ASCII, HIPERBOLE, POLARIZACAO_NOS_VS_ELES, PRONOME_COLETIVO, SINAL_CERTEZA, USO_DE_RETICENCIAS"
fnxptbr-0196,1252273926807392257,negativo,"ALERTA_URGENTE, CAIXA_ALTA, CALL_TO_ACTION, HASHTAG, POLARIZACAO_NOS_VS_ELES, PRONOME_COLETIVO, SINAL_CERTEZA"
fnxptbr-0197,1588000848331816960,negativo,"ALERTA_URGENTE, APELO_A_AUTORIDADE, CAIXA_ALTA, LINK_EXTERNO, POLARIZACAO_NOS_VS_ELES, SINAL_CERTEZA"
fnxptbr-0198,1590370649817874434,negativo,"ALERTA_URGENTE, EMOJI, HIPERBOLE, IRONIA_SARCASMO, LINK_EXTERNO, SINAL_CERTEZA"
fnxptbr-0199,1591564332810522625,neutro,"PRESENCA_DE_DATA, SINAL_DUVIDA, URL_CURTA"
fnxptbr-0200,1592640989902299136,negativo,"ALERTA_URGENTE, APELO_A_AUTORIDADE, CAIXA_ALTA, EMOJI, HIPERBOLE, LINK_EXTERNO, POLARIZACAO_NOS_VS_ELES, PONTUACAO_EXCESSIVA, SINAL_CERTEZA"
fnxptbr-0201,1614271084177547266,negativo,"ALERTA_URGENTE, CAIXA_ALTA, CALL_TO_ACTION, ESPACAMENTO_ENTRE_LETRAS, HIPERBOLE, POLARIZACAO_NOS_VS_ELES, PONTUACAO_EXCESSIVA, SINAL_CERTEZA"
fnxptbr-0202,1596891168641781763,positivo,"ALERTA_URGENTE, EMOJI, HASHTAG, HIPERBOLE, LINK_EXTERNO, PONTUACAO_EXCESSIVA, SINAL_CERTEZA"
fnxptbr-0203,1596139908061859842,negativo,"APELO_A_AUTORIDADE, EMOJI, LINK_EXTERNO, SINAL_DUVIDA, USER_MENTION"
fnxptbr-0204,1599822687790305280,negativo,"ALERTA_URGENTE, CAIXA_ALTA, LINK_EXTERNO, SINAL_CERTEZA"
fnxptbr-0205,1599859812199632896,negativo,"ALERTA_URGENTE, APELO_A_AUTORIDADE, LINK_EXTERNO, POLARIZACAO_NOS_VS_ELES, PONTUACAO_EXCESSIVA, SINAL_CERTEZA"
fnxptbr-0206,1598454306876936211,negativo,"APELO_A_AUTORIDADE, CALL_TO_ACTION, EMOJI, HASHTAG, HIPERBOLE, IRONIA_SARCASMO, LINK_EXTERNO, POLARIZACAO_NOS_VS_ELES, SINAL_CERTEZA, USER_MENTION"
fnxptbr-0207,1601747309565386752,negativo,"ALERTA_URGENTE, APELO_A_AUTORIDADE, CAIXA_ALTA, CALL_TO_ACTION, EMOJI, LINK_EXTERNO, POLARIZACAO_NOS_VS_ELES, PONTUACAO_EXCESSIVA, SINAL_CERTEZA"
fnxptbr-0208,1600411592713244674,negativo,"ALERTA_URGENTE, APELO_A_AUTORIDADE, LINK_EXTERNO, POLARIZACAO_NOS_VS_ELES, SINAL_CERTEZA, URL_CURTA"
fnxptbr-0209,1601014431999496192,negativo,"APELO_A_AUTORIDADE, LINK_EXTERNO, PRESENCA_DE_DATA, USER_MENTION"
fnxptbr-0210,1604638344444383232,negativo,"EMOJI, LINK_EXTERNO, PONTUACAO_INTERCALADA, PRESENCA_DE_DATA, SINAL_DUVIDA"
fnxptbr-0211,1603148931055161345,negativo,"ALERTA_URGENTE, CAIXA_ALTA, CALL_TO_ACTION, EMOJI, HIPERBOLE, POLARIZACAO_NOS_VS_ELES, PONTUACAO_EXCESSIVA, PRONOME_COLETIVO, SINAL_CERTEZA"
fnxptbr-0212,1609603298885079040,negativo,"APELO_A_AUTORIDADE, LINK_EXTERNO, POLARIZACAO_NOS_VS_ELES, SINAL_CERTEZA"
fnxptbr-0213,1607116250135633928,negativo,"CALL_TO_ACTION, DISCRIMINACAO, EMOJI, LINK_EXTERNO, POLARIZACAO_NOS_VS_ELES, SINAL_CERTEZA, USER_MENTION"
fnxptbr-0214,1609900422860529664,negativo,"ALERTA_URGENTE, CITACAO_DIRETA, LINK_EXTERNO, SINAL_CERTEZA, URL_CURTA"
fnxptbr-0215,1612303702613790720,negativo,"ALERTA_URGENTE, APELO_A_AUTORIDADE, CALL_TO_ACTION, EMOJI, GIRIA, LINK_EXTERNO, PALAVRAO, POLARIZACAO_NOS_VS_ELES, PONTUACAO_EXCESSIVA, SINAL_CERTEZA"
fnxptbr-0216,1617213431647535105,negativo,"HASHTAG, POLARIZACAO_NOS_VS_ELES, RETICENCIAS, SINAL_DUVIDA, URL_CURTA"
fnxptbr-0217,1635927656444116994,negativo,"ALERTA_URGENTE, APELO_A_AUTORIDADE, CAIXA_ALTA, CALL_TO_ACTION, EMOJI, ESPACAMENTO_ENTRE_LETRAS, LINK_EXTERNO, POLARIZACAO_NOS_VS_ELES, PONTUACAO_EXCESSIVA, SINAL_DUVIDA"
fnxptbr-0218,1618739947426680832,negativo,"ALERTA_URGENTE, APELO_A_AUTORIDADE, CAIXA_ALTA, EMOJI, HIPERBOLE, LINK_EXTERNO, POLARIZACAO_NOS_VS_ELES, SINAL_CERTEZA"
fnxptbr-0219,1622266783158738946,negativo,"ALERTA_URGENTE, APELO_A_AUTORIDADE, CAIXA_ALTA, LINK_EXTERNO, PONTUACAO_EXCESSIVA, SINAL_CERTEZA"
fnxptbr-0220,1618675201524236288,negativo,"ALERTA_URGENTE, APELO_A_AUTORIDADE, HIPERBOLE, LINK_EXTERNO, POLARIZACAO_NOS_VS_ELES, PONTUACAO_EXCESSIVA, SINAL_CERTEZA, URL_CURTA"
fnxptbr-0221,1621806646296023041,neutro,"APELO_A_AUTORIDADE, LINK_EXTERNO, PRESENCA_DE_DATA"
fnxptbr-0222,1623015211622928390,negativo,"IRONIA_SARCASMO, LINK_EXTERNO, PALAVRAO, POLARIZACAO_NOS_VS_ELES, PRESENCA_DE_RISADA, SINAL_CERTEZA"
fnxptbr-0223,1623542918228348933,negativo,"ALERTA_URGENTE, CALL_TO_ACTION, POLARIZACAO_NOS_VS_ELES, SINAL_CERTEZA, URL_CURTA"
fnxptbr-0224,1628781692784877570,negativo,"ALERTA_URGENTE, APELO_A_AUTORIDADE, LINK_EXTERNO, POLARIZACAO_NOS_VS_ELES, SINAL_CERTEZA"
fnxptbr-0225,1630045138041860096,negativo,"APELO_A_AUTORIDADE, CAIXA_ALTA, CALL_TO_ACTION, LINK_EXTERNO, POLARIZACAO_NOS_VS_ELES, SINAL_CERTEZA"
fnxptbr-0226,1631973097250095104,negativo,"APELO_A_AUTORIDADE, CAIXA_ALTA, DISCRIMINACAO, GIRIA, IRONIA_SARCASMO, LINK_EXTERNO, PALAVRAO, POLARIZACAO_NOS_VS_ELES, PONTUACAO_EXCESSIVA, PRESENCA_DE_RISADA, SINAL_CERTEZA"
fnxptbr-0227,1632206566777561089,negativo,"ALERTA_URGENTE, CAIXA_ALTA, ESPACAMENTO_ENTRE_LETRAS, LINK_EXTERNO, POLARIZACAO_NOS_VS_ELES, SINAL_CERTEZA"
fnxptbr-0228,1631625851186937857,negativo,"IRONIA_SARCASMO, LINK_EXTERNO, METAFORA, POLARIZACAO_NOS_VS_ELES, SINAL_CERTEZA, USER_MENTION"
fnxptbr-0229,1728455820558410198,negativo,"ALERTA_URGENTE, HIPERBOLE, LINK_EXTERNO, POLARIZACAO_NOS_VS_ELES"
fnxptbr-0230,1639596545484963840,negativo,"ALERTA_URGENTE, APELO_A_AUTORIDADE, CAIXA_ALTA, CALL_TO_ACTION, EMOJI, HIPERBOLE, LINK_EXTERNO, POLARIZACAO_NOS_VS_ELES, PONTUACAO_EXCESSIVA, SINAL_CERTEZA"
fnxptbr-0231,1641853322972758048,negativo,"ALERTA_URGENTE, APELO_A_AUTORIDADE, CAIXA_ALTA, DISCRIMINACAO, IRONIA_SARCASMO, LINK_EXTERNO, POLARIZACAO_NOS_VS_ELES, PONTUACAO_EXCESSIVA, PRESENCA_DE_DATA, SINAL_CERTEZA"
fnxptbr-0232,1641739965980631042,negativo,"APELO_A_AUTORIDADE, CITACAO_CIENTIFICA, IRONIA_SARCASMO, LINK_EXTERNO, POLARIZACAO_NOS_VS_ELES, PONTUACAO_EXCESSIVA, SINAL_DUVIDA, USER_MENTION"
fnxptbr-0233,1640530026612371458,negativo,"ALERTA_URGENTE, CALL_TO_ACTION, EMOJI, HIPERBOLE, LINK_EXTERNO, POLARIZACAO_NOS_VS_ELES, PONTUACAO_EXCESSIVA, SINAL_CERTEZA"
fnxptbr-0234,1295124468004794370,negativo,"APELO_A_AUTORIDADE, CALL_TO_ACTION, LINK_EXTERNO, POLARIZACAO_NOS_VS_ELES, PONTUACAO_EXCESSIVA, SINAL_DUVIDA"
fnxptbr-0235,1650348275763933187,negativo,"APELO_A_AUTORIDADE, CALL_TO_ACTION, LINK_EXTERNO, POLARIZACAO_NOS_VS_ELES, PONTUACAO_EXCESSIVA, PRESENCA_DE_DATA, SINAL_CERTEZA, USER_MENTION"
fnxptbr-0236,1654560483205337088,negativo,"LINK_EXTERNO, PRESENCA_DE_DATA, URL_CURTA"
fnxptbr-0237,1655529817884835841,negativo,"ALERTA_URGENTE, APELO_A_AUTORIDADE, CAIXA_ALTA, CALL_TO_ACTION, LINK_EXTERNO, POLARIZACAO_NOS_VS_ELES, SINAL_CERTEZA"
fnxptbr-0238,1657865778094391298,negativo,"ALERTA_URGENTE, APELO_A_AUTORIDADE, HIPERBOLE, LINK_EXTERNO, POLARIZACAO_NOS_VS_ELES, SINAL_CERTEZA"
fnxptbr-0239,1664398155650048000,negativo,"ALERTA_URGENTE, APELO_A_AUTORIDADE, CAIXA_ALTA, EMOJI, POLARIZACAO_NOS_VS_ELES, PONTUACAO_EXCESSIVA, SINAL_CERTEZA"
fnxptbr-0240,1664817597123031040,neutro,"APELO_A_AUTORIDADE, CITACAO_CIENTIFICA, LINK_EXTERNO, PRESENCA_DE_DATA"
fnxptbr-0241,1737493376608411751,negativo,"ALERTA_URGENTE, APELO_A_AUTORIDADE, ASTERISCO_ENFASE, CAIXA_ALTA, CALL_TO_ACTION, HIPERBOLE, LINGUAGEM_TECNICA, LINK_EXTERNO, POLARIZACAO_NOS_VS_ELES, PONTUACAO_EXCESSIVA, PRESENCA_DE_DATA, SINAL_CERTEZA, URL_CURTA"
fnxptbr-0242,1676615829478055936,negativo,"ALERTA_URGENTE, EMOJI, LINK_EXTERNO, POLARIZACAO_NOS_VS_ELES, PRESENCA_DE_DATA, SINAL_CERTEZA"
fnxptbr-0243,1681122538447941632,negativo,"ALERTA_URGENTE, APELO_A_AUTORIDADE, CALL_TO_ACTION, EMOJI, HASHTAG_IMPLÍCITA, LINK_EXTERNO, POLARIZACAO_NOS_VS_ELES, SINAL_CERTEZA"
fnxptbr-0244,1685837734735126528,negativo,"APELO_A_AUTORIDADE, DISCRIMINACAO, LINK_EXTERNO, PALAVRAO, POLARIZACAO_NOS_VS_ELES, PRESENCA_DE_DATA"
fnxptbr-0245,1607714056097652736,negativo,"APELO_A_AUTORIDADE, CITACAO_DIRETA, EMOTIVO_DRAMATICO, POLARIZACAO_NOS_VS_ELES, SINAL_CERTEZA"
fnxptbr-0246,1712431012204986732,negativo,"ALERTA_URGENTE, APELO_A_AUTORIDADE, CALL_TO_ACTION, LINK_EXTERNO, POLARIZACAO_NOS_VS_ELES, PRONOME_COLETIVO, SINAL_CERTEZA"
fnxptbr-0247,1674577415190749187,negativo,"ALERTA_URGENTE, APELO_A_AUTORIDADE, CONTRASTE_MORAL, EMOJI, LINK_EXTERNO, POLARIZACAO_NOS_VS_ELES"
fnxptbr-0248,1690081707502755841,negativo,"ALERTA_URGENTE, APELO_A_AUTORIDADE, CAIXA_ALTA, CALL_TO_ACTION, EMOJI, HIPERBOLE, IRONIA_SARCASMO, LINK_EXTERNO, POLARIZACAO_NOS_VS_ELES, SINAL_CERTEZA"
fnxptbr-0249,1687462177119072256,negativo,"ALERTA_URGENTE, APELO_A_AUTORIDADE, ASPAS_SELETIVAS, CALL_TO_ACTION, LINK_EXTERNO, POLARIZACAO_NOS_VS_ELES, SINAL_DUVIDA"
fnxptbr-0250,1692356472263319574,negativo,"ALERTA_URGENTE, CAIXA_ALTA, CALL_TO_ACTION, EMOJI, LINK_EXTERNO, USER_MENTION"
fnxptbr-0251,1614351511319990280,negativo,"INSULTO_IMPLICITO, IRONIA_SARCASMO, LINK_EXTERNO, METAFORA, POLARIZACAO_NOS_VS_ELES"
fnxptbr-0252,1618060372686274560,negativo,"ALERTA_URGENTE, CAIXA_ALTA, CALL_TO_ACTION, DISCRIMINACAO, EMOJI, ESPACAMENTO_ENTRE_LETRAS, HASHTAG, HIPERBOLE, LINK_EXTERNO, PALAVRAO, POLARIZACAO_NOS_VS_ELES, PONTUACAO_EXCESSIVA, SINAL_CERTEZA, USER_MENTION"
fnxptbr-0253,1683972430799179778,negativo,"ALERTA_URGENTE, APELO_A_AUTORIDADE, CAIXA_ALTA, EMOJI, LINK_EXTERNO, POLARIZACAO_NOS_VS_ELES, SINAL_CERTEZA"
fnxptbr-0254,1818287528270532960,negativo,"ALERTA_URGENTE, CAIXA_ALTA, CALL_TO_ACTION, HIPERBOLE, LINK_EXTERNO, POLARIZACAO_NOS_VS_ELES, PONTUACAO_EXCESSIVA, SINAL_CERTEZA, URL_CURTA"
fnxptbr-0255,1693581217663275013,negativo,"ALERTA_URGENTE, APELO_A_AUTORIDADE, ASPAS_IRONICAS, CALL_TO_ACTION, LINK_EXTERNO, SINAL_CERTEZA"
fnxptbr-0256,1700853018235633746,positivo,"APELO_A_AUTORIDADE, CALL_TO_ACTION, EMOJI, HASHTAG, LINK_EXTERNO, POLARIZACAO_NOS_VS_ELES, PONTUACAO_EXCESSIVA, SINAL_CERTEZA"
fnxptbr-0257,1702337242499539325,neutro,"CAIXA_ALTA, EMOJI, LINK_EXTERNO, PRESENCA_DE_DATA, URL_CURTA"
fnxptbr-0258,1702077615131983942,negativo,"ALERTA_URGENTE, CAIXA_ALTA, CALL_TO_ACTION, LINK_EXTERNO, POLARIZACAO_NOS_VS_ELES, SINAL_CERTEZA"
fnxptbr-0259,1701730027421712393,negativo,"ALERTA_URGENTE, CAIXA_ALTA, IRONIA_SARCASMO, LINK_EXTERNO, POLARIZACAO_NOS_VS_ELES, PONTUACAO_EXCESSIVA, SINAL_DUVIDA"
fnxptbr-0260,1612835640294400001,negativo,"ALERTA_URGENTE, APELO_A_AUTORIDADE, CAIXA_ALTA, CALL_TO_ACTION, EMOJI, LINK_EXTERNO, POLARIZACAO_NOS_VS_ELES, SINAL_CERTEZA, USO_DE_RETICENCIAS"
fnxptbr-0261,1716830727776677909,negativo,"APELO_A_AUTORIDADE, CAIXA_ALTA, CALL_TO_ACTION, EMOJI, HIPERBOLE, LINK_EXTERNO, POLARIZACAO_NOS_VS_ELES, PONTUACAO_EXCESSIVA, SINAL_CERTEZA, USER_MENTION"
fnxptbr-0262,1706680755382784333,neutro,"GIRIA, URL_CURTA, USER_MENTION"
fnxptbr-0263,1708983146048368650,negativo,"ALERTA_URGENTE, APELO_A_AUTORIDADE, HIPERBOLE, POLARIZACAO_NOS_VS_ELES, SINAL_CERTEZA"
fnxptbr-0264,1707835132218925116,negativo,"ALERTA_URGENTE, APELO_A_AUTORIDADE, HIPERBOLE, LINK_EXTERNO, POLARIZACAO_NOS_VS_ELES, SINAL_CERTEZA"
fnxptbr-0265,1711325505281044621,negativo,"APELO_A_AUTORIDADE, CALL_TO_ACTION, DISCRIMINACAO, LINK_EXTERNO, POLARIZACAO_NOS_VS_ELES, SINAL_CERTEZA"
fnxptbr-0266,1714384928094265434,positivo,"APELO_A_AUTORIDADE, EMOJI, LINK_EXTERNO, SINAL_DUVIDA, URL_CURTA, USER_MENTION"
fnxptbr-0267,1713184906400891242,negativo,"APELO_A_AUTORIDADE, LINK_EXTERNO, POLARIZACAO_NOS_VS_ELES, USER_MENTION"
fnxptbr-0268,1717940800665891173,positivo,"APELO_A_AUTORIDADE, LINK_EXTERNO, SINAL_CERTEZA, URL_CURTA"
fnxptbr-0269,1726584112079843825,negativo,"ALERTA_URGENTE, APELO_A_AUTORIDADE, CALL_TO_ACTION, HIPERBOLE, LINK_EXTERNO, POLARIZACAO_NOS_VS_ELES, PONTUACAO_EXCESSIVA, SINAL_CERTEZA"
fnxptbr-0270,1727392731704488051,negativo,"APELO_A_AUTORIDADE, CALL_TO_ACTION, CITACAO_CIENTIFICA, PRESENCA_DE_DATA, SINAL_CERTEZA"
fnxptbr-0271,1729443917429371089,negativo,"APELO_A_AUTORIDADE, EMOJI, ESPACAMENTO_ENTRE_LETRAS, IRONIA_SARCASMO, LINK_EXTERNO, POLARIZACAO_NOS_VS_ELES, SINAL_DUVIDA"
fnxptbr-0272,1733999840130957566,negativo,"CAIXA_ALTA, EMOJI, HIPERBOLE, IRONIA_SARCASMO, LINK_EXTERNO, POLARIZACAO_NOS_VS_ELES, PRESENCA_DE_RISADA"
fnxptbr-0273,1737103265203134767,negativo,"ALERTA_URGENTE, CALL_TO_ACTION, EMOJI, LINK_EXTERNO, POLARIZACAO_NOS_VS_ELES, PRESENCA_DE_DATA, USER_MENTION"
fnxptbr-0274,1764991578811011421,negativo,"APELO_A_AUTORIDADE, HASHTAG, IRONIA_SARCASMO, LINK_EXTERNO, POLARIZACAO_NOS_VS_ELES, PONTUACAO_EXCESSIVA, SINAL_CERTEZA"
fnxptbr-0275,1736777420475076917,negativo,"CALL_TO_ACTION, LINK_EXTERNO, POLARIZACAO_NOS_VS_ELES, SINAL_DUVIDA"
fnxptbr-0276,1744399204376510475,negativo,"CALL_TO_ACTION, HIPERBOLE, LINK_EXTERNO, SINAL_CERTEZA"
fnxptbr-0277,1747552295582159017,negativo,"ALERTA_URGENTE, CALL_TO_ACTION, EMOJI, HIPERBOLE, IRONIA_SARCASMO, LINGUAGEM_TECNICA, POLARIZACAO_NOS_VS_ELES, SINAL_CERTEZA, USO_DE_RETICENCIAS"
fnxptbr-0278,1488248416606035973,negativo,"ALERTA_URGENTE, APELO_A_AUTORIDADE, EMOJI, HIPERBOLE, LINK_EXTERNO, POLARIZACAO_NOS_VS_ELES, SINAL_CERTEZA"
fnxptbr-0279,1746864486193971446,negativo,"ALERTA_URGENTE, CAIXA_ALTA, CALL_TO_ACTION, EMOJI, HIPERBOLE, LINK_EXTERNO, POLARIZACAO_NOS_VS_ELES, PONTUACAO_EXCESSIVA, PRESENCA_DE_DATA, SINAL_CERTEZA"
fnxptbr-0280,1850698254947676447,negativo,"ALERTA_URGENTE, CALL_TO_ACTION, LINK_EXTERNO, POLARIZACAO_NOS_VS_ELES, PRONOME_COLETIVO, SINAL_CERTEZA"
fnxptbr-0281,1748977332331909417,negativo,"ALERTA_URGENTE, APELO_A_AUTORIDADE, LINK_EXTERNO, SINAL_CERTEZA, URL_CURTA"
fnxptbr-0282,1757865481971634653,negativo,"APELO_A_AUTORIDADE, EMOJI, IRONIA_SARCASMO, LINK_EXTERNO, POLARIZACAO_NOS_VS_ELES, PONTUACAO_EXCESSIVA, SINAL_DUVIDA"
fnxptbr-0283,1802983774860218468,negativo,"APELO_A_AUTORIDADE, CAIXA_ALTA, CALL_TO_ACTION, IRONIA_SARCASMO, LINK_EXTERNO, POLARIZACAO_NOS_VS_ELES, PONTUACAO_EXCESSIVA, SINAL_CERTEZA"
fnxptbr-0284,1751744250390147278,negativo,"HIPERBOLE, IRONIA_SARCASMO, LINK_EXTERNO"
fnxptbr-0285,1712967863693193531,negativo,"ALERTA_URGENTE, CAIXA_ALTA, CALL_TO_ACTION, DISCRIMINACAO, HIPERBOLE, LINK_EXTERNO, PALAVRAO, POLARIZACAO_NOS_VS_ELES, PONTUACAO_EXCESSIVA, SINAL_CERTEZA"
fnxptbr-0286,1765495577096163484,negativo,"ALERTA_URGENTE, APELO_A_AUTORIDADE, EMOJI, ESPACAMENTO_ENTRE_LETRAS, HIPERBOLE, LINK_EXTERNO, POLARIZACAO_NOS_VS_ELES, PONTUACAO_EXCESSIVA, SINAL_CERTEZA"
fnxptbr-0287,1768409280137380280,negativo,"ALERTA_URGENTE, APELO_A_AUTORIDADE, CAIXA_ALTA, LINK_EXTERNO, POLARIZACAO_NOS_VS_ELES, PONTUACAO_EXCESSIVA, SINAL_DUVIDA"
fnxptbr-0288,1773029024379314628,negativo,"APELO_A_AUTORIDADE, IRONIA_SARCASMO, LINK_EXTERNO"
fnxptbr-0289,1771362933362299044,negativo,"ALERTA_URGENTE, APELO_A_AUTORIDADE, HIPERBOLE, PONTUACAO_EXCESSIVA, SINAL_CERTEZA"
fnxptbr-0290,1736121334260769277,negativo,"ALERTA_URGENTE, CAIXA_ALTA, CALL_TO_ACTION, ESPACAMENTO_ENTRE_LETRAS, HIPERBOLE, LINK_EXTERNO, POLARIZACAO_NOS_VS_ELES, PONTUACAO_EXCESSIVA, SINAL_CERTEZA"
fnxptbr-0291,1484692291843506177,negativo,"ALERTA_URGENTE, HIPERBOLE, LINK_EXTERNO, PONTUACAO_EXCESSIVA, SINAL_CERTEZA"
fnxptbr-0292,1778154188725493826,negativo,"APELO_A_AUTORIDADE, CALL_TO_ACTION, POLARIZACAO_NOS_VS_ELES, SINAL_CERTEZA"
fnxptbr-0293,1780588383812698374,negativo,"ALERTA_URGENTE, APELO_A_AUTORIDADE, CAIXA_ALTA, ESPACAMENTO_ENTRE_LETRAS, HASHTAG, POLARIZACAO_NOS_VS_ELES, PONTUACAO_EXCESSIVA, PRESENCA_DE_DATA, SINAL_CERTEZA, URL_CURTA"
fnxptbr-0294,1780325498150609245,neutro,"LINK_EXTERNO, URL_CURTA"
fnxptbr-0295,1779546201911697729,negativo,"ALERTA_URGENTE, APELO_A_AUTORIDADE, CALL_TO_ACTION, LINK_EXTERNO, POLARIZACAO_NOS_VS_ELES, PRESENCA_DE_RISADA, SINAL_CERTEZA"
fnxptbr-0296,1783220618227220519,negativo,"APELO_A_AUTORIDADE, CAIXA_ALTA, LINK_EXTERNO, METAFORA, POLARIZACAO_NOS_VS_ELES, PRESENCA_DE_DATA, SINAL_CERTEZA"
fnxptbr-0297,1786498145750298993,negativo,"APELO_A_AUTORIDADE, CAIXA_ALTA, EMOJI, LINK_EXTERNO, POLARIZACAO_NOS_VS_ELES, SINAL_DUVIDA, USER_MENTION"
fnxptbr-0298,1786895129585828029,negativo,"ALERTA_URGENTE, CAIXA_ALTA, EMOJI, LINK_EXTERNO, PRESENCA_DE_DATA, SINAL_CERTEZA"
fnxptbr-0299,1787162462418014558,positivo,"APELO_A_AUTORIDADE, CALL_TO_ACTION, LINK_EXTERNO, POLARIZACAO_NOS_VS_ELES, SINAL_CERTEZA"
fnxptbr-0300,1786525738369241500,negativo,"APELO_A_AUTORIDADE, LINK_EXTERNO, POLARIZACAO_NOS_VS_ELES, PONTUACAO_INTERCALADA, SINAL_CERTEZA"
fnxptbr-0301,1787272489036329286,negativo,"ALERTA_URGENTE, APELO_A_AUTORIDADE, CALL_TO_ACTION, EMOJI, LINK_EXTERNO, POLARIZACAO_NOS_VS_ELES, PONTUACAO_EXCESSIVA, SINAL_CERTEZA"
fnxptbr-0302,1787518222859657623,negativo,"ALERTA_URGENTE, CALL_TO_ACTION, SINAL_CERTEZA, URL_CURTA"
fnxptbr-0303,1788242332875210775,negativo,"ALERTA_URGENTE, HASHTAG, LINK_EXTERNO, PONTUACAO_INTERCALADA, SINAL_CERTEZA"
fnxptbr-0304,1794384305810227430,negativo,"APELO_A_AUTORIDADE, GIRIA, LINK_EXTERNO, POLARIZACAO_NOS_VS_ELES, SINAL_CERTEZA"
fnxptbr-0305,1827117512246354340,negativo,"APELO_A_AUTORIDADE, CAIXA_ALTA, EMOJI, IRONIA_SARCASMO, LINK_EXTERNO, POLARIZACAO_NOS_VS_ELES, PRESENCA_DE_RISADA, USER_MENTION"
fnxptbr-0306,1799889304723796145,negativo,"ALERTA_URGENTE, CAIXA_ALTA, CALL_TO_ACTION, LINK_EXTERNO, POLARIZACAO_NOS_VS_ELES, PONTUACAO_EXCESSIVA, PRESENCA_DE_DATA, SINAL_CERTEZA"
fnxptbr-0307,1736222185516142829,negativo,"ALERTA_URGENTE, CAIXA_ALTA, CALL_TO_ACTION, ESPACAMENTO_ENTRE_LETRAS, HIPERBOLE, POLARIZACAO_NOS_VS_ELES, PONTUACAO_EXCESSIVA, PRESENCA_DE_DATA, SINAL_CERTEZA, URL_CURTA"
fnxptbr-0308,1798345504335835238,positivo,"APELO_A_AUTORIDADE, EMOJI, URL_CURTA"
fnxptbr-0309,1802115800095920437,neutro,"APELO_A_AUTORIDADE, URL_CURTA"
fnxptbr-0310,1780217886956507163,negativo,"ALERTA_URGENTE, APELO_A_AUTORIDADE, CAIXA_ALTA, HIPERBOLE, LINK_EXTERNO, POLARIZACAO_NOS_VS_ELES, PONTUACAO_EXCESSIVA, SINAL_CERTEZA"
fnxptbr-0311,1782846387245215952,negativo,"ALERTA_URGENTE, CALL_TO_ACTION, LINK_EXTERNO, POLARIZACAO_NOS_VS_ELES, PONTUACAO_EXCESSIVA, SINAL_CERTEZA, USER_MENTION"
fnxptbr-0312,1786045672296181783,negativo,"ALERTA_URGENTE, LINK_EXTERNO, POLARIZACAO_NOS_VS_ELES, SINAL_CERTEZA"
fnxptbr-0313,1801437358329303233,positivo,"APELO_A_AUTORIDADE, CITACAO_DIRETA, LINK_EXTERNO, SINAL_CERTEZA, USER_MENTION"
fnxptbr-0314,1724863514659922379,negativo,"APELO_A_AUTORIDADE, CALL_TO_ACTION, POLARIZACAO_NOS_VS_ELES, SINAL_CERTEZA"
fnxptbr-0315,1801618113110200427,negativo,"APELO_A_AUTORIDADE, EMOJI, LINK_EXTERNO, SINAL_CERTEZA"
fnxptbr-0316,1724863511551979794,negativo,"ALERTA_URGENTE, CALL_TO_ACTION, POLARIZACAO_NOS_VS_ELES, PRESENCA_DE_DATA, SINAL_CERTEZA"
fnxptbr-0317,1724162209255719129,negativo,"ALERTA_URGENTE, POLARIZACAO_NOS_VS_ELES, PRESENCA_DE_DATA, PRESENCA_DE_RETICENCIAS, PRONOME_COLETIVO"
fnxptbr-0318,1807823089238942077,negativo,"ALERTA_URGENTE, CAIXA_ALTA, CALL_TO_ACTION, EMOJI, HASHTAG, HIPERBOLE, LINK_EXTERNO, PONTUACAO_EXCESSIVA, SINAL_CERTEZA"
fnxptbr-0319,1805754140347285938,negativo,"ALERTA_URGENTE, CAIXA_ALTA, ESPACAMENTO_ENTRE_LETRAS, HIPERBOLE, LINK_EXTERNO, POLARIZACAO_NOS_VS_ELES, PRESENCA_DE_DATA, SINAL_CERTEZA"
fnxptbr-0320,1808677407852798371,negativo,"ALERTA_URGENTE, APELO_A_AUTORIDADE, CAIXA_ALTA, CALL_TO_ACTION, EMOJI, HIPERBOLE, LINK_EXTERNO, POLARIZACAO_NOS_VS_ELES, SINAL_CERTEZA"
fnxptbr-0321,1769719679918993725,positivo,"APELO_A_AUTORIDADE, CAIXA_ALTA, LINK_EXTERNO, POLARIZACAO_NOS_VS_ELES, PRESENCA_DE_DATA, SINAL_CERTEZA"
fnxptbr-0322,1812317463129825310,negativo,"ALERTA_URGENTE, CAIXA_ALTA, EMOJI, LINK_EXTERNO, SINAL_CERTEZA, URL_CURTA"
fnxptbr-0323,1816464537878429735,negativo,"ALERTA_URGENTE, CAIXA_ALTA, EMOJI, LINK_EXTERNO, PONTUACAO_EXCESSIVA, SINAL_CERTEZA, USER_MENTION"
fnxptbr-0324,1817781559019069459,negativo,"ALERTA_URGENTE, CAIXA_ALTA, CALL_TO_ACTION, EMOJI, HIPERBOLE, LINK_EXTERNO, PONTUACAO_EXCESSIVA, SINAL_CERTEZA"
fnxptbr-0325,1818616422789964247,positivo,"ALERTA_URGENTE, APELO_A_AUTORIDADE, CALL_TO_ACTION, EMOJI, HASHTAG, LINK_EXTERNO, POLARIZACAO_NOS_VS_ELES, PRONOME_COLETIVO, SINAL_CERTEZA"
fnxptbr-0326,1819403125100630431,negativo,"CAIXA_ALTA, LINK_EXTERNO, POLARIZACAO_NOS_VS_ELES"
fnxptbr-0327,1820083791114686828,negativo,"ALERTA_URGENTE, APELO_A_AUTORIDADE, CAIXA_ALTA, DISCRIMINACAO, EMOJI, HIPERBOLE, LINK_EXTERNO, POLARIZACAO_NOS_VS_ELES, SINAL_CERTEZA"
fnxptbr-0328,1819549135806029907,negativo,"ALERTA_URGENTE, APELO_A_AUTORIDADE, CALL_TO_ACTION, EMOJI, LINK_EXTERNO, POLARIZACAO_NOS_VS_ELES, PONTUACAO_EXCESSIVA, PRESENCA_DE_RISADA, USER_MENTION"
fnxptbr-0329,1714601791122297057,positivo,"CAIXA_ALTA, EMOJI, LINK_EXTERNO, PRESENCA_DE_RISADA, URL_CURTA, USO_DE_RETICENCIAS"
fnxptbr-0330,1823418522354999754,negativo,"APELO_A_AUTORIDADE, CAIXA_ALTA, CALL_TO_ACTION, IRONIA_SARCASMO, POLARIZACAO_NOS_VS_ELES, PRONOME_COLETIVO, SINAL_CERTEZA, SUPERSTICAO, URL_CURTA"
fnxptbr-0331,993990834797281280,neutro,"APELO_A_AUTORIDADE, LINK_EXTERNO, URL_CURTA"
fnxptbr-0332,1000056395880980480,neutro,"EMOJI, LINK_EXTERNO, URL_CURTA, USER_MENTION"
fnxptbr-0333,1037784236982501377,neutro,"CALL_TO_ACTION, PRONOME_COLETIVO, SINAL_DUVIDA"
fnxptbr-0334,1042433631354941443,negativo,"ALERTA_URGENTE, APELO_A_AUTORIDADE, CALL_TO_ACTION, LINK_EXTERNO, SINAL_CERTEZA"
fnxptbr-0335,1042797000335478784,negativo,"LINK_EXTERNO, URL_CURTA"
fnxptbr-0336,1044701723816865792,negativo,"APELO_A_AUTORIDADE, LINK_EXTERNO, URL_CURTA"
fnxptbr-0337,1045055570628288514,neutro,"LINK_EXTERNO, URL_CURTA, USER_MENTION"
fnxptbr-0338,1045401465567817730,negativo,"CALL_TO_ACTION, HASHTAG, POLARIZACAO_NOS_VS_ELES, PRONOME_COLETIVO, SINAL_CERTEZA"
fnxptbr-0339,1062163422987591681,negativo,"ALERTA_URGENTE, IRONIA_SARCASMO, PALAVRAO, POLARIZACAO_NOS_VS_ELES, PONTUACAO_EXCESSIVA, SINAL_CERTEZA"
fnxptbr-0340,1056947518221754369,positivo,"EMOJI, IRONIA_SARCASMO, LINK_EXTERNO, PRONOME_COLETIVO, SINAL_CERTEZA"
fnxptbr-0341,1060857394740297728,negativo,"APELO_A_AUTORIDADE, LINK_EXTERNO, URL_CURTA"
fnxptbr-0342,1075454865042755586,neutro,"HASHTAG, URL_CURTA, USER_MENTION"
fnxptbr-0343,1086235914073001984,negativo,"APELO_A_AUTORIDADE, LINK_EXTERNO, USER_MENTION"
fnxptbr-0344,1080427875721854977,neutro,"LINK_EXTERNO, USER_MENTION"
fnxptbr-0345,1075188863163920384,negativo,"APELO_A_AUTORIDADE, CITACAO_CIENTIFICA, HIPERBOLE, LINK_EXTERNO, METAFORA, POLARIZACAO_NOS_VS_ELES, SINAL_CERTEZA"
fnxptbr-0346,1095319000526082048,neutro,"LINK_EXTERNO, PRESENCA_DE_DATA, URL_CURTA"
fnxptbr-0347,1101080457398153221,positivo,"EMOJI, POLARIZACAO_NOS_VS_ELES, SINAL_CERTEZA"
fnxptbr-0348,1100103982779953152,negativo,"APELO_A_AUTORIDADE, LINK_EXTERNO, USER_MENTION"
fnxptbr-0349,1116337816265474048,negativo,"HASHTAG, IRONIA_SARCASMO, LINK_EXTERNO, USER_MENTION"
fnxptbr-0350,1129144185561452546,negativo,"APELO_A_AUTORIDADE, CAIXA_ALTA, LINK_EXTERNO, USER_MENTION"
fnxptbr-0351,1137837611605733376,neutro,"APELO_A_AUTORIDADE, CITACAO_CIENTIFICA, LINK_EXTERNO, URL_CURTA"
fnxptbr-0352,1139320609387831296,neutro,"CALL_TO_ACTION, EMOJI, HASHTAG, LINK_EXTERNO, PRESENCA_DE_DATA, USER_MENTION"
fnxptbr-0353,1141170637542764544,negativo,"EMOJI, GIRIA, HASHTAG, IRONIA_SARCASMO, LINK_EXTERNO, POLARIZACAO_NOS_VS_ELES, PRESENCA_DE_RISADA, USER_MENTION"
fnxptbr-0354,1146471023572860929,negativo,"APELO_A_AUTORIDADE, CAIXA_ALTA, CITACAO_CIENTIFICA, INTERROGACAO_MULTIPLA, POLARIZACAO_NOS_VS_ELES, PONTUACAO_EXCESSIVA"
fnxptbr-0355,1150042600327352321,negativo,"APELO_A_AUTORIDADE, LINK_EXTERNO, METAFORA, SINAL_CERTEZA"
fnxptbr-0356,1145145575714611200,negativo,"APELO_A_AUTORIDADE, LINK_EXTERNO, SINAL_CERTEZA, URL_CURTA"
fnxptbr-0357,1136284440475394048,negativo,"CALL_TO_ACTION, LINK_EXTERNO, POLARIZACAO_NOS_VS_ELES, PRESENCA_DE_DATA"
fnxptbr-0358,1133382417517928458,negativo,"HASHTAG, LINK_EXTERNO, URL_CURTA"
fnxptbr-0359,1182780441289465858,negativo,"IRONIA_SARCASMO, LINK_EXTERNO, POLARIZACAO_NOS_VS_ELES, PONTUACAO_INTERCALADA, PRESENCA_DE_DATA, SINAL_DUVIDA"
fnxptbr-0360,1181146933877968896,negativo,"APELO_A_AUTORIDADE, LINK_EXTERNO, URL_CURTA"
fnxptbr-0361,1171350163920773120,negativo,"ALERTA_URGENTE, APELO_A_AUTORIDADE, CALL_TO_ACTION, HIPERBOLE, LINK_EXTERNO, POLARIZACAO_NOS_VS_ELES, SINAL_CERTEZA"
fnxptbr-0362,1190793583047122944,negativo,"APELO_A_AUTORIDADE, HIPERBOLE, LINK_EXTERNO, POLARIZACAO_NOS_VS_ELES, SINAL_CERTEZA, USER_MENTION"
fnxptbr-0363,1181675923617275906,neutro,"HASHTAG, LINK_EXTERNO, PRESENCA_DE_DATA, URL_CURTA"
fnxptbr-0364,1181614171219222529,positivo,"LINK_EXTERNO, PONTUACAO_EXCESSIVA, SINAL_CERTEZA, URL_CURTA"
fnxptbr-0365,1186981361955037184,negativo,"APELO_A_AUTORIDADE, LINK_EXTERNO, USER_MENTION"
fnxptbr-0366,1199335915027456000,negativo,"ALERTA_URGENTE, CAIXA_ALTA, EMOJI, PRESENCA_DE_DATA"
fnxptbr-0367,1204775175570575360,positivo,"APELO_A_AUTORIDADE, ASPAS, CITACAO_CIENTIFICA, GIRIA, LINK_EXTERNO, POLARIZACAO_NOS_VS_ELES, SINAL_CERTEZA, USER_MENTION"
fnxptbr-0368,1214644641758269440,neutro,"LINK_EXTERNO, URL_CURTA"
fnxptbr-0369,1220443404032794625,negativo,"IRONIA_SARCASMO, PRONOME_COLETIVO, SINAL_DUVIDA"
fnxptbr-0370,1204747319679299585,neutro,"LINK_EXTERNO, USER_MENTION"
fnxptbr-0371,1225054927749296130,neutro,"APELO_A_AUTORIDADE, HASHTAG, LINK_EXTERNO, URL_CURTA, USER_MENTION"
fnxptbr-0372,1246486493813669888,neutro,"LINK_EXTERNO, USER_MENTION"
fnxptbr-0373,1249393045440782338,negativo,"HASHTAG, LINK_EXTERNO, PRESENCA_DE_DATA, SINAL_CERTEZA"
fnxptbr-0374,1250890097773314048,neutro,"LINK_EXTERNO, URL_CURTA"
fnxptbr-0375,1234662367742480384,positivo,"APELO_A_AUTORIDADE, URL_CURTA"
fnxptbr-0376,1242411407192330240,negativo,"APELO_A_AUTORIDADE, CITACAO_CIENTIFICA, LINK_EXTERNO, PALAVRAO, POLARIZACAO_NOS_VS_ELES, SINAL_CERTEZA"
fnxptbr-0377,1249779193468145666,negativo,"APELO_A_AUTORIDADE, CITACAO_CIENTIFICA, LINK_EXTERNO, POLARIZACAO_NOS_VS_ELES, PRONOME_COLETIVO"
fnxptbr-0378,1245455510842871809,negativo,"APELO_A_AUTORIDADE, CITACAO_CIENTIFICA, LINK_EXTERNO, PRESENCA_DE_DATA, SINAL_DUVIDA"
fnxptbr-0379,1241452460599894020,negativo,"APELO_A_AUTORIDADE, LINK_EXTERNO"
fnxptbr-0380,1250774205785944066,negativo,"ALERTA_URGENTE, APELO_A_AUTORIDADE, LINK_EXTERNO, PONTUACAO_EXCESSIVA, SINAL_CERTEZA"
fnxptbr-0381,1261378692623634432,negativo,"APELO_A_AUTORIDADE, CITACAO_CIENTIFICA, HASHTAG, LINK_EXTERNO, USER_MENTION"
fnxptbr-0382,1261426918877888512,negativo,"APELO_A_AUTORIDADE, CITACAO_CIENTIFICA, POLARIZACAO_NOS_VS_ELES, PRONOME_COLETIVO, SINAL_CERTEZA"
fnxptbr-0383,1259835241742598148,negativo,"ABREVIACAO_INFORMAL, CITACAO_CIENTIFICA, GIRIA, HASHTAG, IRONIA_SARCASMO, LINK_EXTERNO, METAFORA, POLARIZACAO_NOS_VS_ELES, SINAL_CERTEZA"
fnxptbr-0384,1264211500912250881,neutro,"CITACAO_CIENTIFICA, URL_CURTA, USER_MENTION"
fnxptbr-0385,1261313241520779264,negativo,"ALERTA_URGENTE, APELO_A_AUTORIDADE, CAIXA_ALTA, CALL_TO_ACTION, HIPERBOLE, POLARIZACAO_NOS_VS_ELES, SINAL_CERTEZA"
fnxptbr-0386,1247610382694391814,neutro,"APELO_A_AUTORIDADE, CAIXA_ALTA, LINK_EXTERNO, PARENTESES_EXPLICATIVO, PRESENCA_DE_DATA"
fnxptbr-0387,1255182220412817412,neutro,"LINK_EXTERNO, URL_CURTA"
fnxptbr-0388,1274766785078796288,neutro,"LINK_EXTERNO, URL_CURTA"
fnxptbr-0389,1272229608453218307,negativo,"APELO_A_AUTORIDADE, HASHTAG, LINK_EXTERNO"
fnxptbr-0390,1278081672123232256,neutro,"LINK_EXTERNO, URL_CURTA"
fnxptbr-0391,1272623905447043082,positivo,"CITACAO_DIRETA, LINK_EXTERNO, URL_CURTA"
fnxptbr-0392,1263058240335687680,negativo,"APELO_A_AUTORIDADE, CITACAO_CIENTIFICA, IRONIA_SARCASMO, LINK_EXTERNO, POLARIZACAO_NOS_VS_ELES"
fnxptbr-0393,1271078327332241408,negativo,"APELO_A_AUTORIDADE, USER_MENTION"
fnxptbr-0394,1282934764643725313,neutro,"LINK_EXTERNO, URL_CURTA"
fnxptbr-0395,1272663533910720513,neutro,"APELO_A_AUTORIDADE, CITACAO_CIENTIFICA, LINK_EXTERNO"
fnxptbr-0396,1280534867856539649,negativo,"HIPERBOLE, IRONIA_SARCASMO, LINK_EXTERNO, PALAVRAO, PONTUACAO_INTERCALADA, SINAL_DUVIDA, USER_MENTION"
fnxptbr-0397,1286652248555171840,positivo,"APELO_A_AUTORIDADE, CAIXA_ALTA, EMOJI, PONTUACAO_EXCESSIVA, SINAL_CERTEZA"
fnxptbr-0398,1297165056732540928,negativo,"APELO_A_AUTORIDADE, LINGUAGEM_TECNICA, LINK_EXTERNO, POLARIZACAO_NOS_VS_ELES, SINAL_CERTEZA"
fnxptbr-0399,1290008218236628992,positivo,"HASHTAG, LINK_EXTERNO, URL_CURTA"
fnxptbr-0400,1296945690162028548,negativo,"HASHTAG, LINK_EXTERNO, URL_CURTA"
fnxptbr-0401,1283434095305986048,positivo,"APELO_A_AUTORIDADE, CAIXA_ALTA, LINK_EXTERNO, PALAVRAO, POLARIZACAO_NOS_VS_ELES, USER_MENTION"
fnxptbr-0402,1285209641471938560,positivo,"APELO_A_AUTORIDADE, CITACAO_CIENTIFICA, SINAL_CERTEZA, SINAL_DUVIDA"
fnxptbr-0403,1295511712679038977,negativo,"APELO_A_AUTORIDADE, CITACAO_CIENTIFICA, LINK_EXTERNO, PONTUACAO_EXCESSIVA, SINAL_CERTEZA"
fnxptbr-0404,1291175211274993670,neutro,"APELO_A_AUTORIDADE, PRESENCA_DE_DATA"
fnxptbr-0405,1305989671672066059,neutro,"CITACAO_CIENTIFICA, EMOJI, LINGUAGEM_TECNICA, LINK_EXTERNO, PRESENCA_DE_DATA"
fnxptbr-0406,1292830561807998976,positivo,"APELO_A_AUTORIDADE, CITACAO_CIENTIFICA, LINK_EXTERNO, PRONOME_COLETIVO"
fnxptbr-0407,1294066405114085377,negativo,"ALERTA_URGENTE, CAIXA_ALTA, CITACAO, INTERROGACAO, IRONIA_SARCASMO, LINK_EXTERNO, POLARIZACAO_NOS_VS_ELES"
fnxptbr-0408,1288455338010845184,negativo,"ALERTA_URGENTE, APELO_A_AUTORIDADE, CONSPIRACY_THINKING, HIPERBOLE, LINK_EXTERNO, POLARIZACAO_NOS_VS_ELES, SINAL_CERTEZA"
fnxptbr-0409,1299296364954779650,negativo,"CAIXA_ALTA, POLARIZACAO_NOS_VS_ELES, SINAL_CERTEZA, USO_DE_RETICENCIAS"
fnxptbr-0410,1314321066412703745,negativo,"CITACAO_CIENTIFICA, LINGUAGEM_TECNICA, LINK_EXTERNO, SINAL_CERTEZA, USER_MENTION"
fnxptbr-0411,1301625714467364865,neutro,"CALL_TO_ACTION, EMOJI, HASHTAG, LINK_EXTERNO, PRESENCA_DE_DATA, USER_MENTION"
fnxptbr-0412,1304078489792937984,negativo,"CAIXA_ALTA, EMOJI, HIPERBOLE, IRONIA_SARCASMO, LINK_EXTERNO, POLARIZACAO_NOS_VS_ELES"
fnxptbr-0413,1314579464559439872,negativo,"APELO_A_AUTORIDADE, LINK_EXTERNO, POLARIZACAO_NOS_VS_ELES, URL_CURTA"
fnxptbr-0414,1314307147681980417,negativo,"APELO_A_AUTORIDADE, CITACAO_CIENTIFICA, LINK_EXTERNO, URL_CURTA, USER_MENTION"
fnxptbr-0415,1320046244832706563,negativo,"APELO_A_AUTORIDADE, CITACAO_CIENTIFICA, LINK_EXTERNO, PRESENCA_DE_DATA, URL_CURTA"
fnxptbr-0416,1320807192216391687,negativo,"CITACAO_CIENTIFICA, LINGUAGEM_TECNICA, LINK_EXTERNO, PRESENCA_DE_DATA"
fnxptbr-0417,1305595358425251841,negativo,"CAIXA_ALTA, LINK_EXTERNO, URL_CURTA"
fnxptbr-0418,1300853024886325248,negativo,"APELO_A_AUTORIDADE, CITACAO_CIENTIFICA, LINK_EXTERNO, SINAL_CERTEZA, USER_MENTION"
fnxptbr-0419,1317151492160225280,negativo,"APELO_A_AUTORIDADE, LINK_EXTERNO, PRESENCA_DE_DATA, USER_MENTION"
fnxptbr-0420,1319694468694626307,negativo,"APELO_A_AUTORIDADE, CAIXA_ALTA, CALL_TO_ACTION, POLARIZACAO_NOS_VS_ELES, SINAL_CERTEZA"
fnxptbr-0421,1313997096501096448,neutro,"LINGUAGEM_TECNICA, SINAL_CERTEZA"
fnxptbr-0422,1328429974152470529,neutro,"LINGUAGEM_TECNICA, PRESENCA_DE_DATA"
fnxptbr-0423,1327256515758190598,neutro,"CALL_TO_ACTION, EMOJI, EMOTICON_ASCII, PRESENCA_DE_DATA, PRONOME_COLETIVO"
fnxptbr-0424,1327194187083747328,neutro,PRESENCA_DE_DATA
fnxptbr-0425,1314700398117167113,negativo,"APELO_A_AUTORIDADE, PRESENCA_DE_DATA, SINAL_CERTEZA"
fnxptbr-0426,1315078560374165505,negativo,"APELO_A_AUTORIDADE, LINK_EXTERNO, PONTUACAO_INTERCALADA, SINAL_DUVIDA"
fnxptbr-0427,1329779387818942476,neutro,"CITACAO_CIENTIFICA, LINK_EXTERNO, URL_CURTA"
fnxptbr-0428,1329787017484509185,neutro,"CITACAO_CIENTIFICA, LINK_EXTERNO, PRESENCA_DE_DATA"
fnxptbr-0429,1332084881560645634,negativo,"CITACAO_CIENTIFICA, IRONIA_SARCASMO, LINK_EXTERNO, POLARIZACAO_NOS_VS_ELES"
fnxptbr-0430,1332658885925212163,neutro,"LINK_EXTERNO, PRESENCA_DE_DATA"
fnxptbr-0431,1333167974577037316,neutro,"SINAL_CERTEZA, USER_MENTION"
fnxptbr-0432,1334552360601985024,positivo,"APELO_A_AUTORIDADE, LINK_EXTERNO, PRESENCA_DE_DATA"
fnxptbr-0433,1328097753096974336,neutro,"CALL_TO_ACTION, LINGUAGEM_TECNICA, SINAL_CERTEZA"
fnxptbr-0434,1334052484541771776,negativo,"APELO_A_AUTORIDADE, HASHTAG, URL_CURTA"
fnxptbr-0435,1318907090652585989,negativo,"APELO_A_AUTORIDADE, CITACAO_CIENTIFICA, POLARIZACAO_NOS_VS_ELES, SINAL_CERTEZA"
fnxptbr-0436,1336341898005540869,negativo,"CAIXA_ALTA, HIPERBOLE, PALAVRAO, POLARIZACAO_NOS_VS_ELES, PONTUACAO_EXCESSIVA, SINAL_CERTEZA"
fnxptbr-0437,1329793144972587008,negativo,"ALERTA_URGENTE, APELO_A_AUTORIDADE, EMOJI, LINK_EXTERNO, POLARIZACAO_NOS_VS_ELES, PRESENCA_DE_DATA, SINAL_CERTEZA"
fnxptbr-0438,1341845641157349377,negativo,"APELO_A_AUTORIDADE, LINK_EXTERNO, SINAL_CERTEZA, URL_CURTA"
fnxptbr-0439,1535380440177348609,neutro,"APELO_A_AUTORIDADE, HASHTAG, LINGUAGEM_TECNICA, LINK_EXTERNO, SINAL_CERTEZA, URL_CURTA, USER_MENTION"
fnxptbr-0440,1342512685238333440,positivo,"APELO_A_AUTORIDADE, CITACAO_CIENTIFICA, LINK_EXTERNO, PRESENCA_DE_DATA"
fnxptbr-0441,1335918281534869504,neutro,"CALL_TO_ACTION, HASHTAG, LINK_EXTERNO, PRESENCA_DE_DATA"
fnxptbr-0442,1347318783728300037,positivo,"APELO_A_AUTORIDADE, CITACAO_CIENTIFICA, EMOJI, SINAL_CERTEZA"
fnxptbr-0443,1349030954061492236,neutro,"APELO_A_AUTORIDADE, LINGUAGEM_TECNICA, PRESENCA_DE_DATA"
fnxptbr-0444,1350119011120459776,negativo,"ALERTA_URGENTE, EMOJI, LINK_EXTERNO, PONTUACAO_EXCESSIVA, PRESENCA_DE_DATA"
fnxptbr-0445,1351989516702257153,negativo,"ALERTA_URGENTE, APELO_A_AUTORIDADE, CALL_TO_ACTION, LINK_EXTERNO, POLARIZACAO_NOS_VS_ELES, SINAL_CERTEZA"
fnxptbr-0446,1347528903150231552,positivo,"APELO_A_AUTORIDADE, HASHTAG, LINK_EXTERNO, PRESENCA_DE_DATA, SINAL_CERTEZA"
fnxptbr-0447,1350121216636542976,negativo,"ALERTA_URGENTE, LINK_EXTERNO, PRESENCA_DE_DATA, SINAL_CERTEZA"
fnxptbr-0448,1358528533354733568,positivo,"APELO_A_AUTORIDADE, PRONOME_COLETIVO, SINAL_CERTEZA"
fnxptbr-0449,1368639549853827074,neutro,"PRESENCA_DE_DATA, URL_CURTA"
fnxptbr-0450,1370168411020484608,negativo,"APELO_A_AUTORIDADE, HASHTAG, HIPERBOLE, IRONIA_SARCASMO, LINK_EXTERNO, POLARIZACAO_NOS_VS_ELES, SINAL_CERTEZA"
fnxptbr-0451,1365436979601629184,positivo,"APELO_A_AUTORIDADE, CAIXA_ALTA, HASHTAG, SINAL_CERTEZA"
fnxptbr-0452,1358864739967901699,positivo,"APELO_A_AUTORIDADE, CAIXA_ALTA, CALL_TO_ACTION, LINK_EXTERNO, SINAL_CERTEZA, URL_CURTA"
fnxptbr-0453,1364251211294265345,neutro,"APELO_A_AUTORIDADE, LINGUAGEM_TECNICA, PRESENCA_DE_DATA"
fnxptbr-0454,1374485903561748485,neutro,"EMOJI, LINK_EXTERNO, PRESENCA_DE_DATA"
fnxptbr-0455,1384033082068520964,negativo,"APELO_A_AUTORIDADE, HASHTAG, USER_MENTION"
fnxptbr-0456,1388229652494393349,negativo,"HASHTAG, HIPERBOLE, LINK_EXTERNO, SINAL_CERTEZA"
fnxptbr-0457,1399201632659947525,negativo,"APELO_A_AUTORIDADE, IRONIA_SARCASMO, LINK_EXTERNO, POLARIZACAO_NOS_VS_ELES, SINAL_CERTEZA"
fnxptbr-0458,1404918224995684358,negativo,"APELO_A_AUTORIDADE, LINK_EXTERNO, POLARIZACAO_NOS_VS_ELES, USER_MENTION"
fnxptbr-0459,1393547096792444930,negativo,"ALERTA_URGENTE, CAIXA_ALTA, LINK_EXTERNO, PRESENCA_DE_DATA, SINAL_CERTEZA"
fnxptbr-0460,1388158727455399936,negativo,"APELO_A_AUTORIDADE, CITACAO_CIENTIFICA, IRONIA_SARCASMO, LINK_EXTERNO, POLARIZACAO_NOS_VS_ELES, PRESENCA_DE_DATA"
fnxptbr-0461,1399809571879849998,negativo,"APELO_A_AUTORIDADE, CITACAO_CIENTIFICA, LINK_EXTERNO, USER_MENTION"
fnxptbr-0462,1408285837259948034,negativo,"LINK_EXTERNO, USER_MENTION"
fnxptbr-0463,1399874645663391749,negativo,"APELO_A_AUTORIDADE, LINK_EXTERNO, POLARIZACAO_NOS_VS_ELES, PRESENCA_DE_DATA, USER_MENTION"
fnxptbr-0464,1403351302202081298,positivo,"APELO_A_AUTORIDADE, CITACAO_CIENTIFICA, EMOJI, HASHTAG, LINGUAGEM_TECNICA, LINK_EXTERNO"
fnxptbr-0465,1374527625973010435,negativo,"APELO_A_AUTORIDADE, IRONIA_SARCASMO, LINK_EXTERNO, PONTUACAO_INTERCALADA, PRESENCA_DE_RISADA"
fnxptbr-0466,1399037635302199299,negativo,"CITACAO_CIENTIFICA, LINK_EXTERNO, PRESENCA_DE_DATA, SINAL_CERTEZA, USER_MENTION"
fnxptbr-0467,1422338978334785542,neutro,"APELO_A_AUTORIDADE, LINK_EXTERNO, SINAL_CERTEZA"
fnxptbr-0468,1423022535705120775,negativo,"ALERTA_URGENTE, APELO_A_AUTORIDADE, CAIXA_ALTA, LINK_EXTERNO, PRESENCA_DE_DATA"
fnxptbr-0469,1419059818376073222,negativo,"ALERTA_URGENTE, CALL_TO_ACTION, EMOJI, HASHTAG, LINK_EXTERNO, POLARIZACAO_NOS_VS_ELES, USER_MENTION"
fnxptbr-0470,1425275793744203777,negativo,"EMOJI, HASHTAG, LINK_EXTERNO, PRESENCA_DE_DATA, URL_CURTA"
fnxptbr-0471,1426982086276259841,neutro,"CITACAO_CIENTIFICA, LINGUAGEM_TECNICA, LINK_EXTERNO, PRESENCA_DE_DATA"
fnxptbr-0472,1426614604340383749,neutro,"APELO_A_AUTORIDADE, LINK_EXTERNO, SINAL_DUVIDA, URL_CURTA"
fnxptbr-0473,1436431786825949221,negativo,"APELO_A_AUTORIDADE, LINK_EXTERNO, URL_CURTA"
fnxptbr-0474,1437060691484086282,neutro,"LINK_EXTERNO, PRESENCA_DE_DATA, URL_CURTA"
fnxptbr-0475,1436688571273031682,negativo,"APELO_A_AUTORIDADE, LINK_EXTERNO, POLARIZACAO_NOS_VS_ELES, PRESENCA_DE_DATA"
fnxptbr-0476,1441151457894432768,positivo,"APELO_A_AUTORIDADE, CALL_TO_ACTION, LINK_EXTERNO, USER_MENTION"
fnxptbr-0477,1446600045076287490,negativo,"ALERTA_URGENTE, EMOJI, LINK_EXTERNO, PONTUACAO_EXCESSIVA, PRESENCA_DE_DATA, USER_MENTION"
fnxptbr-0478,1456374242681909250,negativo,"APELO_A_AUTORIDADE, CITACAO_CIENTIFICA, IRONIA_SARCASMO, LINK_EXTERNO"
fnxptbr-0479,1461031380092026882,negativo,"ASPAS, LINK_EXTERNO, PRESENCA_DE_DATA"
fnxptbr-0480,1456394931531038722,neutro,"CALL_TO_ACTION, LINK_EXTERNO, PRESENCA_DE_DATA, URL_CURTA"
fnxptbr-0481,1458484724536647690,neutro,"LINK_EXTERNO, PRESENCA_DE_DATA, URL_CURTA"
fnxptbr-0482,1478677055550144514,negativo,"APELO_A_AUTORIDADE, POLARIZACAO_NOS_VS_ELES, PRONOME_COLETIVO"
fnxptbr-0483,1478040611940884482,negativo,"APELO_A_AUTORIDADE, POLARIZACAO_NOS_VS_ELES, PRESENCA_DE_DATA, SINAL_CERTEZA"
fnxptbr-0484,1479166195471470597,negativo,"APELO_A_AUTORIDADE, CITACAO_DIRETA, LINK_EXTERNO, SINAL_CERTEZA"
fnxptbr-0485,1463175513514692618,negativo,"CALL_TO_ACTION, EMOJI, LINK_EXTERNO, POLARIZACAO_NOS_VS_ELES, PRESENCA_DE_DATA, SINAL_CERTEZA"
fnxptbr-0486,1483257270343450625,negativo,"APELO_A_AUTORIDADE, CAIXA_ALTA, HIPERBOLE, LINK_EXTERNO, PONTUACAO_EXCESSIVA, PRESENCA_DE_DATA, SINAL_CERTEZA"
fnxptbr-0487,1475832538358861830,negativo,"APELO_A_AUTORIDADE, LINK_EXTERNO, SINAL_CERTEZA"
fnxptbr-0488,1492203103390777347,neutro,"LINK_EXTERNO, URL_CURTA"
fnxptbr-0489,1479477528180015111,positivo,"APELO_A_AUTORIDADE, SINAL_CERTEZA"
fnxptbr-0490,1494855288742195200,neutro,"CALL_TO_ACTION, CITACAO_CIENTIFICA, LINK_EXTERNO, POLARIZACAO_NOS_VS_ELES, PONTUACAO_EXCESSIVA"
fnxptbr-0491,1488639886823411716,positivo,"CITACAO_DIRETA, LINK_EXTERNO, PRESENCA_DE_DATA, SINAL_CERTEZA"
fnxptbr-0492,1483939399603736578,positivo,"APELO_A_AUTORIDADE, LINK_EXTERNO, URL_CURTA"
fnxptbr-0493,1502125437379567627,negativo,"APELO_A_AUTORIDADE, LINK_EXTERNO, SARCASMO_IRONIA, USER_MENTION"
fnxptbr-0494,1494114648026542080,neutro,"LINK_EXTERNO, PRESENCA_DE_DATA, URL_CURTA"
fnxptbr-0495,1503875691745579017,neutro,"APELO_A_AUTORIDADE, CITACAO_CIENTIFICA, LINK_EXTERNO, USER_MENTION"
fnxptbr-0496,1498394327118139399,negativo,"APELO_A_AUTORIDADE, CITACAO_CIENTIFICA, SINAL_DUVIDA, USER_MENTION"
fnxptbr-0497,1508146846006493184,positivo,"APELO_A_AUTORIDADE, CAIXA_ALTA, CALL_TO_ACTION, CITACAO_DIRETA, LINK_EXTERNO, PRONOME_COLETIVO, USER_MENTION"
fnxptbr-0498,1522253549228503040,positivo,"APELO_A_AUTORIDADE, LINK_EXTERNO, URL_CURTA"
fnxptbr-0499,1521610358712160262,negativo,"APELO_A_AUTORIDADE, CITACAO_DIRETA, LINK_EXTERNO, USER_MENTION"
fnxptbr-0500,1524290162498445315,neutro,"APELO_A_AUTORIDADE, LINK_EXTERNO, URL_CURTA"
fnxptbr-0501,1523797483302047745,negativo,"APELO_A_AUTORIDADE, LINK_EXTERNO, POLARIZACAO_NOS_VS_ELES, SINAL_CERTEZA, USER_MENTION"
fnxptbr-0502,1508130272092557312,negativo,"APELO_A_AUTORIDADE, LINK_EXTERNO, POLARIZACAO_NOS_VS_ELES, SINAL_CERTEZA"
fnxptbr-0503,1531246798165225474,negativo,"APELO_A_AUTORIDADE, CAIXA_ALTA, PALAVRAO, POLARIZACAO_NOS_VS_ELES, PRESENCA_DE_DATA, SINAL_CERTEZA"
fnxptbr-0504,1532401640694759425,negativo,"APELO_A_AUTORIDADE, LINGUAGEM_TECNICA, LINK_EXTERNO, PRESENCA_DE_DATA"
fnxptbr-0505,1529492190094934017,neutro,"LINK_EXTERNO, URL_CURTA"
fnxptbr-0506,1529851005520814080,negativo,"ALERTA_URGENTE, APELO_A_AUTORIDADE, CAIXA_ALTA, LINK_EXTERNO, POLARIZACAO_NOS_VS_ELES, SINAL_CERTEZA"
fnxptbr-0507,1535217897135558656,negativo,"APELO_A_AUTORIDADE, LINK_EXTERNO, POLARIZACAO_NOS_VS_ELES, PRESENCA_DE_DATA, SINAL_CERTEZA"
fnxptbr-0508,1534607864471375872,negativo,"APELO_A_AUTORIDADE, LINK_EXTERNO, POLARIZACAO_NOS_VS_ELES, PRESENCA_DE_DATA"
fnxptbr-0509,1544802179755671552,neutro,"APELO_A_AUTORIDADE, LINGUAGEM_TECNICA, PRESENCA_DE_DATA"
fnxptbr-0510,1565103802918780928,positivo,"CITACAO_CIENTIFICA, LINK_EXTERNO, PRESENCA_DE_DATA, URL_CURTA"
fnxptbr-0511,1545839981964451840,negativo,"CALL_TO_ACTION, CITACAO_DIRETA, LINK_EXTERNO, POLARIZACAO_NOS_VS_ELES, SINAL_AMEACA"
fnxptbr-0512,1548631380145455104,negativo,"APELO_A_AUTORIDADE, LINK_EXTERNO, PRESENCA_DE_DATA, SINAL_CERTEZA"
fnxptbr-0513,1562126167708209152,neutro,"APELO_A_AUTORIDADE, LINK_EXTERNO, PRESENCA_DE_DATA, USER_MENTION"
fnxptbr-0514,1577846451262078976,negativo,"APELO_A_AUTORIDADE, DISCRIMINACAO, LINK_EXTERNO, POLARIZACAO_NOS_VS_ELES, SINAL_CERTEZA, USER_MENTION"
fnxptbr-0515,1564557880732389377,negativo,"APELO_A_AUTORIDADE, HASHTAG, LINK_EXTERNO, POLARIZACAO_NOS_VS_ELES, PRESENCA_DE_DATA"
fnxptbr-0516,1586648090144120832,positivo,"EMOJI, HASHTAG, SINAL_CERTEZA, URL_CURTA, USER_MENTION"
fnxptbr-0517,1586908672621436933,neutro,"LINGUAGEM_TECNICA, LINK_EXTERNO, PRESENCA_DE_DATA"
fnxptbr-0518,1577271163100622853,negativo,"ALERTA_URGENTE, APELO_A_AUTORIDADE, CALL_TO_ACTION, HASHTAG_IMPLICITA, LINK_EXTERNO, POLARIZACAO_NOS_VS_ELES, SINAL_CERTEZA"
fnxptbr-0519,1587641707935457280,negativo,"LINK_EXTERNO, PRESENCA_DE_DATA"
fnxptbr-0520,1593711511343710209,negativo,"CITACAO_CIENTIFICA, GIRIA, IRONIA_SARCASMO, POLARIZACAO_NOS_VS_ELES"
fnxptbr-0521,1590460586890231808,positivo,"APELO_A_AUTORIDADE, CITACAO_CIENTIFICA, LINK_EXTERNO, PRESENCA_DE_DATA, PRONOME_COLETIVO, SINAL_CERTEZA"
fnxptbr-0522,1595571370632544256,negativo,"ALERTA_URGENTE, CAIXA_ALTA, CALL_TO_ACTION, EMOJI, HASHTAG_IMPLÍCITA, LINK_EXTERNO, POLARIZACAO_NOS_VS_ELES, SINAL_CERTEZA"
fnxptbr-0523,1597696309418684416,negativo,"ALERTA_URGENTE, APELO_A_AUTORIDADE, CAIXA_ALTA, CALL_TO_ACTION, DISCRIMINACAO, LINK_EXTERNO, SINAL_DUVIDA"
fnxptbr-0524,1590797216914210816,negativo,"CAIXA_ALTA, HIPERBOLE, IRONIA_SARCASMO, POLARIZACAO_NOS_VS_ELES, PONTUACAO_EXCESSIVA"
fnxptbr-0525,1597673965048434688,negativo,"IRONIA_SARCASMO, LINK_EXTERNO, POLARIZACAO_NOS_VS_ELES, PRESENCA_DE_DATA, SINAL_DUVIDA"
fnxptbr-0526,1587492518450585601,neutro,"APELO_A_AUTORIDADE, LINK_EXTERNO, PRESENCA_DE_DATA"
fnxptbr-0527,1597223140291416065,neutro,"ALERTA_URGENTE, CAIXA_ALTA, EMOJI, HASHTAG, URL_CURTA, USER_MENTION"
fnxptbr-0528,1601217099267203073,neutro,"LINK_EXTERNO, PRESENCA_DE_DATA"
fnxptbr-0529,1587227731636494337,negativo,"CALL_TO_ACTION, LINK_EXTERNO, POLARIZACAO_NOS_VS_ELES, SINAL_CERTEZA"
fnxptbr-0530,1595210835739156481,neutro,"ALERTA_URGENTE, APELO_A_AUTORIDADE, EMOJI, LINGUAGEM_TECNICA, PRESENCA_DE_DATA, SINAL_CERTEZA"
fnxptbr-0531,1590484522579415040,neutro,"APELO_A_AUTORIDADE, PRONOME_COLETIVO, SINAL_CERTEZA"
fnxptbr-0532,1587257947968749568,negativo,"ALERTA_URGENTE, APELO_A_AUTORIDADE, LINK_EXTERNO, POLARIZACAO_NOS_VS_ELES, SINAL_CERTEZA"
fnxptbr-0533,1589776419437293568,neutro,"APELO_A_AUTORIDADE, LINK_EXTERNO, SINAL_CERTEZA"
fnxptbr-0534,1610376955425079297,negativo,"ALERTA_URGENTE, APELO_A_AUTORIDADE, EMOJI, HASHTAG, LINK_EXTERNO, POLARIZACAO_NOS_VS_ELES, PONTUACAO_INTERCALADA, USER_MENTION"
fnxptbr-0535,1595198374893985794,negativo,"ALERTA_URGENTE, CALL_TO_ACTION, EMOJI, IRONIA_SARCASMO, LINK_EXTERNO, POLARIZACAO_NOS_VS_ELES, PONTUACAO_EXCESSIVA, SINAL_CERTEZA"
fnxptbr-0536,1603924471253028866,neutro,"APELO_A_AUTORIDADE, LINK_EXTERNO, PRESENCA_DE_DATA, USER_MENTION"
fnxptbr-0537,1599020048953507840,negativo,"CITACAO_CIENTIFICA, LINK_EXTERNO, PRESENCA_DE_DATA"
fnxptbr-0538,1600577053694246913,neutro,"APELO_A_AUTORIDADE, CITACAO_CIENTIFICA, LINK_EXTERNO"
fnxptbr-0539,1607010612852457473,negativo,"ALERTA_URGENTE, APELO_A_AUTORIDADE, CAIXA_ALTA, EMOJI, HIPERBOLE, LINK_EXTERNO, POLARIZACAO_NOS_VS_ELES, SINAL_CERTEZA"
fnxptbr-0540,1602358374619926530,positivo,"CAIXA_ALTA, ESPACAMENTO_ENTRE_LETRAS, LINK_EXTERNO, PRESENCA_DE_DATA, SINAL_CERTEZA"
fnxptbr-0541,1604823412354027522,negativo,"APELO_A_AUTORIDADE, CAIXA_ALTA, DISCRIMINACAO, LINK_EXTERNO, POLARIZACAO_NOS_VS_ELES, SINAL_CERTEZA"
fnxptbr-0542,1609947823612563461,positivo,"ALERTA_URGENTE, CAIXA_ALTA, CALL_TO_ACTION, COMPARACAO_NUMERICA, EMOJI, LINK_EXTERNO, PRESENCA_DE_DATA"
fnxptbr-0543,1607171684993273856,negativo,"ALERTA_URGENTE, APELO_A_AUTORIDADE, CALL_TO_ACTION, HIPERBOLE, LINK_EXTERNO, POLARIZACAO_NOS_VS_ELES, PONTUACAO_EXCESSIVA, SINAL_CERTEZA"
fnxptbr-0544,1607698683407089664,neutro,"APELO_A_AUTORIDADE, CITACAO_CIENTIFICA"
fnxptbr-0545,1623360046900908043,positivo,"APELO_A_AUTORIDADE, LINK_EXTERNO, PRONOME_COLETIVO, SINAL_CERTEZA, URL_CURTA"
fnxptbr-0546,1619606274030686209,negativo,"ACUSACAO_DIRETA, ALERTA_URGENTE, APELO_A_AUTORIDADE, CAIXA_ALTA, LINK_EXTERNO, POLARIZACAO_NOS_VS_ELES, PONTUACAO_EXCESSIVA, SINAL_CERTEZA"
fnxptbr-0547,1622205516452691968,negativo,"ALERTA_URGENTE, CAIXA_ALTA, EMOJI, LINK_EXTERNO, METAFORA, POLARIZACAO_NOS_VS_ELES, SINAL_CERTEZA, URL_CURTA"
fnxptbr-0548,1627647993867296768,negativo,"ALERTA_URGENTE, APELO_A_AUTORIDADE, CAIXA_ALTA, LINK_EXTERNO, POLARIZACAO_NOS_VS_ELES, SINAL_CERTEZA"
fnxptbr-0549,1618385488510947328,neutro,"APELO_A_AUTORIDADE, LINK_EXTERNO, PRESENCA_DE_DATA"
fnxptbr-0550,1630020777759080448,neutro,"APELO_A_AUTORIDADE, HASHTAG, LINK_EXTERNO, PRESENCA_DE_DATA, URL_CURTA, USER_MENTION"
fnxptbr-0551,1612962662148894722,negativo,"APELO_A_AUTORIDADE, HASHTAG, LINK_EXTERNO, POLARIZACAO_NOS_VS_ELES, USER_MENTION"
fnxptbr-0552,1631263863898349569,neutro,"HASHTAG, LINK_EXTERNO, URL_CURTA"
fnxptbr-0553,1630928035091283969,negativo,"EMOJI, IRONIA_SARCASMO, POLARIZACAO_NOS_VS_ELES, RETICENCIAS, SINAL_DUVIDA"
fnxptbr-0554,1634647920749211652,neutro,"ALERTA_URGENTE, EMOJI, HASHTAG, LINK_EXTERNO, URL_CURTA"
fnxptbr-0555,1627469168936161281,neutro,"ALERTA_URGENTE, CAIXA_ALTA, LINK_EXTERNO, PRESENCA_DE_DATA"
fnxptbr-0556,1631763449582583811,,
fnxptbr-0557,1643212263044653057,negativo,"APELO_A_AUTORIDADE, LINK_EXTERNO, SINAL_CERTEZA"
fnxptbr-0558,1653871731012976640,negativo,"ALERTA_URGENTE, APELO_A_AUTORIDADE, CAIXA_ALTA, EMOJI, LINK_EXTERNO, POLARIZACAO_NOS_VS_ELES, PRESENCA_DE_DATA, SINAL_CERTEZA"
fnxptbr-0559,1652095483756544007,positivo,"LINK_EXTERNO, URL_CURTA"
fnxptbr-0560,1646294151284097025,negativo,"POLARIZACAO_NOS_VS_ELES, URL_CURTA, USER_MENTION"
fnxptbr-0561,1653804769700454401,negativo,"ALERTA_URGENTE, APELO_A_AUTORIDADE, CALL_TO_ACTION, EMOJI, HIPERBOLE, LINK_EXTERNO, SINAL_CERTEZA"
fnxptbr-0562,1653856956271185920,positivo,"CAIXA_ALTA, CITACAO_CIENTIFICA, LINK_EXTERNO, SINAL_CERTEZA"
fnxptbr-0563,1638243122823024642,neutro,"LINK_EXTERNO, USER_MENTION"
fnxptbr-0564,1651234520257945614,neutro,"HASHTAG, LINK_EXTERNO, PRESENCA_DE_DATA, URL_CURTA, USER_MENTION"
fnxptbr-0565,1651199450033930242,neutro,"LINK_EXTERNO, PRESENCA_DE_DATA, URL_CURTA"
fnxptbr-0566,1666943453815623717,negativo,"IRONIA_SARCASMO, LINK_EXTERNO, POLARIZACAO_NOS_VS_ELES"
fnxptbr-0567,1658627304287875073,negativo,"IRONIA_SARCASMO, LINK_EXTERNO, METAFORA, RETICENCIAS, USER_MENTION"
fnxptbr-0568,1662053307727093762,positivo,"ALERTA_URGENTE, APELO_A_AUTORIDADE, CAIXA_ALTA, EMOJI, HASHTAG_IMPLICITA, LINK_EXTERNO, SINAL_CERTEZA"
fnxptbr-0569,1676595567844028420,negativo,"CAIXA_ALTA, GIRIA, HASHTAG, IRONIA_SARCASMO, PALAVRAO, POLARIZACAO_NOS_VS_ELES, URL_CURTA, USER_MENTION"
fnxptbr-0570,1677059989746188289,negativo,"GIRIA, HIPERBOLE, IRONIA_SARCASMO, LINK_EXTERNO, PALAVRAO, POLARIZACAO_NOS_VS_ELES, SINAL_CERTEZA"
fnxptbr-0571,1670466598702809089,negativo,"ALERTA_URGENTE, APELO_A_AUTORIDADE, CAIXA_ALTA, HASHTAG, LINK_EXTERNO, PRESENCA_DE_DATA, URL_CURTA, USER_MENTION"
fnxptbr-0572,1689435047391014913,negativo,"HIPERBOLE, LINK_EXTERNO, PRESENCA_DE_DATA"
fnxptbr-0573,1692546861251354708,negativo,"ALERTA_URGENTE, APELO_A_AUTORIDADE, CAIXA_ALTA, LINK_EXTERNO, PRESENCA_DE_DATA"
fnxptbr-0574,1695189088066781387,positivo,"ALERTA_URGENTE, APELO_A_AUTORIDADE, EMOJI, LINK_EXTERNO, PRESENCA_DE_DATA, USER_MENTION"
fnxptbr-0575,1692998500366131313,negativo,"APELO_A_AUTORIDADE, LINK_EXTERNO"
fnxptbr-0576,1697196328520913303,neutro,"LINK_EXTERNO, PRESENCA_DE_DATA"
fnxptbr-0577,1697452440168116672,negativo,"ALERTA_URGENTE, CAIXA_ALTA, LINK_EXTERNO, POLARIZACAO_NOS_VS_ELES, SINAL_CERTEZA"
fnxptbr-0578,1701987372768940174,negativo,"APELO_A_AUTORIDADE, DISCRIMINACAO, LINK_EXTERNO, PALAVRAO, POLARIZACAO_NOS_VS_ELES, PONTUACAO_EXCESSIVA"
fnxptbr-0579,1699415348573872517,positivo,"EMOJI, LINGUAGEM_TECNICA, LINK_EXTERNO, PRESENCA_DE_DATA, SINAL_CERTEZA"
fnxptbr-0580,1703117638161842504,negativo,"APELO_A_AUTORIDADE, EMOJI, LINK_EXTERNO, METAFORA, PRESENCA_DE_DATA, SINAL_URGENTE"
fnxptbr-0581,1703900262291607755,neutro,"LINK_EXTERNO, URL_CURTA"
fnxptbr-0582,1702364467072324051,positivo,"APELO_A_AUTORIDADE, CAIXA_ALTA, EMOJI, HASHTAG, LINK_EXTERNO, SINAL_CERTEZA, USER_MENTION"
fnxptbr-0583,1691178419529064449,negativo,"APELO_A_AUTORIDADE, CALL_TO_ACTION, LINK_EXTERNO, URL_CURTA, USER_MENTION"
fnxptbr-0584,1702369187279053140,negativo,"APELO_A_AUTORIDADE, EMOJI, LINK_EXTERNO, POLARIZACAO_NOS_VS_ELES, SINAL_CERTEZA, USER_MENTION"
fnxptbr-0585,1695148997478883646,neutro,"LINK_EXTERNO, URL_CURTA"
fnxptbr-0586,1711425149440774372,negativo,"POLARIZACAO_NOS_VS_ELES, PRESENCA_DE_DATA, SINAL_CERTEZA, URL_CURTA"
fnxptbr-0587,1712094102278267237,negativo,"APELO_A_AUTORIDADE, LINK_EXTERNO, PRESENCA_DE_DATA, SINAL_CERTEZA, USER_MENTION"
fnxptbr-0588,1699612597442539670,negativo,"LINGUAGEM_TECNICA, LINK_EXTERNO, PRESENCA_DE_DATA"
fnxptbr-0589,1702026272115740917,neutro,"APELO_A_AUTORIDADE, EMOJI, LINK_EXTERNO, PRESENCA_DE_DATA, URL_CURTA"
fnxptbr-0590,1703835638116524362,negativo,"ALERTA_URGENTE, APELO_A_AUTORIDADE, CAIXA_ALTA, CALL_TO_ACTION, EMOJI, SINAL_CERTEZA, URL_CURTA"
fnxptbr-0591,1714410239968129484,neutro,"APELO_A_AUTORIDADE, EMOJI, LINK_EXTERNO, PRESENCA_DE_DATA"
fnxptbr-0592,1719415639289340095,negativo,"APELO_A_AUTORIDADE, CAIXA_ALTA, CALL_TO_ACTION, LINK_EXTERNO, PRESENCA_DE_DATA, USER_MENTION"
fnxptbr-0593,1720564338287620204,negativo,"LINK_EXTERNO, PRESENCA_DE_DATA, URL_CURTA"
fnxptbr-0594,1706703267814686779,neutro,"CITACAO_CIENTIFICA, LINK_EXTERNO, PRESENCA_DE_DATA"
fnxptbr-0595,1719882018979225842,neutro,"LINK_EXTERNO, SINAL_CERTEZA"
fnxptbr-0596,1723804105754169563,negativo,"APELO_A_AUTORIDADE, HASHTAG, LINK_EXTERNO, POLARIZACAO_NOS_VS_ELES, USER_MENTION"
fnxptbr-0597,1724396769528746467,negativo,"APELO_A_AUTORIDADE, LINK_EXTERNO, POLARIZACAO_NOS_VS_ELES, PRESENCA_DE_DATA"
fnxptbr-0598,1719104783980654766,positivo,"CAIXA_ALTA, EMOJI, HIPERBOLE, LINK_EXTERNO, SINAL_CERTEZA"
fnxptbr-0599,1734739268482826301,neutro,"ALERTA_URGENTE, APELO_A_AUTORIDADE, EMOJI, LINK_EXTERNO, PRESENCA_DE_DATA, USER_MENTION"
fnxptbr-0600,1732102674135347434,negativo,"APELO_A_AUTORIDADE, CAIXA_ALTA, HIPERBOLE, LINK_EXTERNO, PRESENCA_DE_DATA, SINAL_CERTEZA"
fnxptbr-0601,1731660459726479568,negativo,"APELO_A_AUTORIDADE, CAIXA_ALTA, CALL_TO_ACTION, EMOJI, LINK_EXTERNO, PONTUACAO_EXCESSIVA, USER_MENTION"
fnxptbr-0602,1745392113401974824,neutro,"LINK_EXTERNO, PRESENCA_DE_DATA"
fnxptbr-0603,1733243847927361609,negativo,"ALERTA_URGENTE, APELO_A_AUTORIDADE, CAIXA_ALTA, EMOJI, HIPERBOLE, LINK_EXTERNO, PRESENCA_DE_DATA, SINAL_CERTEZA"
fnxptbr-0604,1738165857656754668,negativo,"ALERTA_URGENTE, APELO_A_AUTORIDADE, LINK_EXTERNO, SINAL_CERTEZA, USER_MENTION"
fnxptbr-0605,1746229528144273514,neutro,"ALERTA_URGENTE, CAIXA_ALTA, EMOJI, LINK_EXTERNO, URL_CURTA, USER_MENTION"
fnxptbr-0606,1755285607469683169,negativo,"LINK_EXTERNO, URL_CURTA"
fnxptbr-0607,1752821881097343466,neutro,"CITACAO_CIENTIFICA, EMOJI, LINGUAGEM_TECNICA, LINK_EXTERNO, PRESENCA_DE_DATA, USER_MENTION"
fnxptbr-0608,1761882360293785891,negativo,"LINK_EXTERNO, METAFORA, SINAL_CERTEZA"
fnxptbr-0609,1751350916366680207,neutro,"LINK_EXTERNO, URL_CURTA, USER_MENTION"
fnxptbr-0610,1758592766907396286,positivo,"APELO_A_AUTORIDADE, CAIXA_ALTA, EMOJI, ESPACAMENTO_ENTRE_LETRAS, PRESENCA_DE_DATA, SINAL_CERTEZA, URL_CURTA"
fnxptbr-0611,1758106647279399238,neutro,"APELO_A_AUTORIDADE, LINK_EXTERNO, PONTUACAO_INTERCALADA, PRESENCA_DE_DATA"
fnxptbr-0612,1768401725956796731,negativo,"CALL_TO_ACTION, LINK_EXTERNO, PONTUACAO_EXCESSIVA"
fnxptbr-0613,1770494359957278744,negativo,"APELO_A_AUTORIDADE, LINK_EXTERNO, POLARIZACAO_NOS_VS_ELES, USER_MENTION"
fnxptbr-0614,1774543851765526866,negativo,"APELO_A_AUTORIDADE, LINK_EXTERNO, POLARIZACAO_NOS_VS_ELES"
fnxptbr-0615,1774554670683377780,negativo,"APELO_A_AUTORIDADE, LINK_EXTERNO, POLARIZACAO_NOS_VS_ELES, SINAL_CERTEZA"
fnxptbr-0616,1778572855992631495,neutro,"SINAL_CERTEZA, URL_CURTA"
fnxptbr-0617,1778945763726311682,neutro,"LINK_EXTERNO, URL_CURTA"
fnxptbr-0618,1785798999007498748,neutro,"LINK_EXTERNO, URL_CURTA"
fnxptbr-0619,1786174616538378458,negativo,"APELO_A_AUTORIDADE, LINK_EXTERNO, PRESENCA_DE_DATA, USER_MENTION"
fnxptbr-0620,1781426407513501995,negativo,"LINK_EXTERNO, USER_MENTION"
fnxptbr-0621,1777755005304320465,neutro,"APELO_A_AUTORIDADE, CITACAO_CIENTIFICA, LINK_EXTERNO, PRESENCA_DE_DATA"
fnxptbr-0622,1782948440541925855,negativo,"ALERTA_URGENTE, APELO_A_AUTORIDADE, EMOJI, ESPACAMENTO_ENTRE_LETRAS, LINK_EXTERNO, PRESENCA_DE_DATA"
fnxptbr-0623,1790471775379140892,negativo,"APELO_A_AUTORIDADE, HIPERBOLE, LINK_EXTERNO, SINAL_CERTEZA, USER_MENTION"
fnxptbr-0624,1790117822271529470,positivo,"APELO_A_AUTORIDADE, LINK_EXTERNO, POLARIZACAO_NOS_VS_ELES, PRESENCA_DE_DATA, SINAL_CERTEZA"
fnxptbr-0625,1788689680805896368,negativo,"APELO_A_AUTORIDADE, LINK_EXTERNO, SINAL_CERTEZA"
fnxptbr-0626,1795935996501991731,neutro,"LINK_EXTERNO, PRESENCA_DE_DATA"
fnxptbr-0627,1796620178056266138,neutro,"LINK_EXTERNO, PRESENCA_DE_DATA, URL_CURTA"
fnxptbr-0628,1778605002124132590,positivo,"LINK_EXTERNO, URL_CURTA, USER_MENTION"
fnxptbr-0629,1792345564476330134,negativo,"CALL_TO_ACTION, CITACAO_CIENTIFICA, IRONIA_SARCASMO, POLARIZACAO_NOS_VS_ELES"
fnxptbr-0630,1787569148861595981,positivo,"APELO_A_AUTORIDADE, CAIXA_ALTA, LINK_EXTERNO, POLARIZACAO_NOS_VS_ELES, PRESENCA_DE_DATA, PRONOME_COLETIVO, SINAL_CERTEZA"
fnxptbr-0631,1798802493603754445,positivo,"APELO_A_AUTORIDADE, IRONIA_SARCASMO, LINK_EXTERNO, POLARIZACAO_NOS_VS_ELES, SINAL_CERTEZA"
fnxptbr-0632,1788940750530457730,neutro,"LINK_EXTERNO, URL_CURTA"
fnxptbr-0633,1802850056136995248,neutro,"APELO_A_AUTORIDADE, LINK_EXTERNO, USER_MENTION"
fnxptbr-0634,1805680272454619519,neutro,"LINK_EXTERNO, USER_MENTION"
fnxptbr-0635,1808582971420533098,neutro,"APELO_A_AUTORIDADE, METAFORA, PRESENCA_DE_DATA"
fnxptbr-0636,1810787283550851386,negativo,"APELO_A_AUTORIDADE, CALL_TO_ACTION, LINK_EXTERNO, PONTUACAO_EXCESSIVA, SINAL_CERTEZA"
fnxptbr-0637,1808908638041559157,neutro,"HASHTAG, LINK_EXTERNO, PRESENCA_DE_DATA"
fnxptbr-0638,1808972585675133295,neutro,"LINK_EXTERNO, URL_CURTA"
fnxptbr-0639,1813417222078947832,negativo,"APELO_A_AUTORIDADE, CITACAO_CIENTIFICA, IRONIA_SARCASMO, LINK_EXTERNO, PONTUACAO_EXCESSIVA, USO_DE_RETICENCIAS"
fnxptbr-0640,1804490241497071791,neutro,"APELO_A_AUTORIDADE, LINK_EXTERNO, PRESENCA_DE_DATA, USER_MENTION"
fnxptbr-0641,1804623275613462708,neutro,"APELO_A_AUTORIDADE, LINK_EXTERNO, URL_CURTA, USER_MENTION"
fnxptbr-0642,1803433810861985967,negativo,"APELO_A_AUTORIDADE, LINK_EXTERNO, POLARIZACAO_NOS_VS_ELES"
fnxptbr-0643,1814325509763010701,negativo,"ALERTA_URGENTE, CAIXA_ALTA, CALL_TO_ACTION, EMOJI, LINK_EXTERNO, POLARIZACAO_NOS_VS_ELES, SINAL_CERTEZA, USER_MENTION"
fnxptbr-0644,1815409000378204440,neutro,"LINK_EXTERNO, PRESENCA_DE_DATA, URL_CURTA"
fnxptbr-0645,1816203013809398143,negativo,"APELO_A_AUTORIDADE, CITACAO_CIENTIFICA, EMOJI, LINK_EXTERNO, PRESENCA_DE_DATA"
fnxptbr-0646,1813991601016115384,negativo,"APELO_A_AUTORIDADE, LINK_EXTERNO, PALAVRAO, POLARIZACAO_NOS_VS_ELES, SINAL_CERTEZA"
fnxptbr-0647,1806353224175149105,neutro,"ALERTA_URGENTE, CAIXA_ALTA, EMOJI, LINK_EXTERNO, PRESENCA_DE_DATA"
fnxptbr-0648,1819492882962874746,negativo,"ALERTA_URGENTE, APELO_A_AUTORIDADE, LINK_EXTERNO, POLARIZACAO_NOS_VS_ELES, SINAL_CERTEZA"
fnxptbr-0649,1806372732936065439,neutro,"APELO_A_AUTORIDADE, LINK_EXTERNO, PRESENCA_DE_DATA, SINAL_CERTEZA"
fnxptbr-0650,1817902153358344562,neutro,"APELO_A_AUTORIDADE, PRESENCA_DE_DATA"
fnxptbr-0651,1817015073917009943,negativo,"LINK_EXTERNO, PRESENCA_DE_DATA"
fnxptbr-0652,1822454560062923054,negativo,"LINK_EXTERNO, USER_MENTION"
fnxptbr-0653,1824871439553421411,negativo,"APELO_A_AUTORIDADE, LINK_EXTERNO, USER_MENTION"
fnxptbr-0654,1817930688718422021,negativo,"ALERTA_URGENTE, APELO_A_AUTORIDADE, CAIXA_ALTA, CITACAO_CIENTIFICA, EMOJI, LINK_EXTERNO, PRESENCA_DE_DATA"
fnxptbr-0655,1818409499017044183,neutro,"LINK_EXTERNO, PRESENCA_DE_DATA"
fnxptbr-0656,1819394650685268327,positivo,"ALERTA_URGENTE, APELO_A_AUTORIDADE, CAIXA_ALTA, EMOJI, HASHTAG, LINK_EXTERNO, SINAL_CERTEZA"
fnxptbr-0657,1823563532689936403,positivo,"APELO_A_AUTORIDADE, EMOJI, LINK_EXTERNO, SINAL_CERTEZA"
fnxptbr-0658,1830927676535628185,neutro,"LINK_EXTERNO, PRESENCA_DE_DATA"
fnxptbr-0659,1832143212078911795,negativo,"APELO_A_AUTORIDADE, LINK_EXTERNO, URL_CURTA"
fnxptbr-0660,1829265529733066898,neutro,"LINK_EXTERNO, USER_MENTION"
